region,year,C_1_1,C_1_2,C_1_3,C_1_4,C_1_5,C_1_6,C_1_7,C_1_8,C_2_1,C_2_2,C_2_3,C_2_4,C_2_5,C_2_6,C_2_7,C_2_8,C_3_1,C_3_2,C_3_3,C_3_4,C_3_5,C_3_6,C_3_7,C_3_8,C_4_1,C_4_2,C_4_3,C_4_4,C_4_5,C_4_6,C_4_7,C_4_8,C_5_1,C_5_2,C_5_3,C_5_4,C_5_5,C_5_6,C_5_7,C_5_8,S_1_1,S_1_2,S_1_3,S_1_4,S_1_5,S_1_6,S_1_7,S_1_8,RS_1_D,RS_1_N,RS_1_b1,RS_1_b2,RS_1_b7,RS_2_D,RS_2_N,RS_2_b1,RS_2_b2,RS_2_b7,RS_3_D,RS_3_N,RS_3_b1,RS_3_b2,RS_3_b7,RS_4_D,RS_4_N,RS_4_b1,RS_4_b2,RS_4_b7,RS_5_D,RS_5_N,RS_5_b1,RS_5_b2,RS_5_b7,RS_6_D,RS_6_N,RS_6_b1,RS_6_b2,RS_6_b7,RS_7_D,RS_7_N,RS_7_b1,RS_7_b2,RS_7_b7,RS_8_D,RS_8_N,RS_8_b1,RS_8_b2,RS_8_b7,yield,yield_tha
0,2001,12.5,16.5,11.5,4.8,1.5,6.1,1.3,0.1,-0.57,3.33,4.52,3.3,2.34,2.37,1.53,0.97,13.2,17.4,12.1,5.0,1.6,6.5,1.4,0.1,28.8,25.37,20.83,19.8,20.43,26.46,28.34,31.99,17.43,14.13,10.49,8.6,9.01,13.78,14.28,17.96,0.1,0.1,0.1,0.1,0.1,0.1,0.1,0.1,15136.29318,14447.46664,1048.965955,2288.062105,2534.362551,14888.51156,14280.54821,775.2930574,2211.891337,1074.637739,14672.81117,14093.19832,625.5851691,2866.699015,870.6515076,14626.85757,14004.62412,597.4471796,3505.027036,852.8950268,14676.35572,14015.29573,590.2800957,3737.56289,855.1191311,14973.66802,14245.66105,655.216344,3288.733089,935.8694092,15189.6204,14324.11515,911.7533379,2545.003189,1207.380878,15429.90512,14501.20425,1179.563251,2291.069871,1444.402231,2.639999852,6.283199647759999
0,2002,0.6,0.8,1.6,17.4,7.7,0.5,1.6,0.2,-1.68,-2.5,-2.9,-1.13,2.09,0.87,-1.4,-1.57,0.6,0.8,1.7,18.3,8.1,0.5,1.6,0.2,29.75,24.8,20.38,17.54,21.81,25.1,26.71,31.26,18.34,14.24,10.06,6.89,9.65,13.04,13.85,16.8,0.1,0.1,0.1,0.1,0.1,0.1,0.1,0.1,15157.10733,14481.69012,963.6972852,2221.849666,1275.176747,14800.15081,14223.08025,897.4314269,2485.9081,1056.950638,14607.56655,14001.09826,598.8348353,2839.151007,870.3368658,14500.83928,13963.03402,557.468903,3265.809079,767.1952326,14669.50599,14059.95009,630.3616767,3887.963841,916.9966065,14846.96242,14127.33588,1308.885597,3681.163357,1220.79022,15108.22362,14234.73492,999.5939403,2798.202159,1156.642338,15458.82428,14506.4638,1224.007677,2554.760486,1521.610119,2.685,6.3903
0,2003,5.0,0.2,5.4,3.2,3.7,8.0,1.5,0.0,-0.8,-1.89,-1.55,-2.59,-2.55,-1.4,-1.84,-2.08,5.3,0.2,5.7,3.3,3.9,8.4,1.6,0.0,30.8,26.2,20.82,20.58,19.23,21.5,27.47,33.75,18.63,15.08,10.96,9.97,8.37,10.05,14.09,18.97,0.1,0.1,0.1,0.1,0.1,0.1,0.1,0.1,15188.40183,14507.45585,988.8713173,2265.324677,1317.822074,14909.06763,14255.74134,740.7399496,2305.592382,1079.031932,14653.28876,14106.65224,595.8984201,2710.755841,879.8794504,14591.63081,14043.05663,549.2453549,3366.573431,814.9103527,14562.15933,13992.19645,688.7594293,3958.11329,958.20825,14783.71995,14098.51414,726.8863206,3538.719737,924.5342959,15069.27813,14236.73032,891.3830663,2888.484869,1130.44285,15478.26742,14546.91481,1160.640688,2375.453021,1457.809858,2.869499399,6.82940856962
0,2004,0.0,2.2,6.7,14.4,4.6,2.4,0.4,0.9,-2.15,-2.76,-2.07,-1.22,-1.03,-1.46,-2.11,-2.02,0.0,2.3,7.0,15.1,4.9,2.6,0.4,1.0,30.7,25.98,20.63,19.1,20.81,25.17,27.54,32.04,18.55,14.95,10.15,8.55,9.05,12.19,13.47,17.28,0.1,0.1,0.1,0.1,0.1,0.1,0.1,0.1,15202.62823,14515.97601,1008.314041,2196.839542,1318.878839,14836.41372,14271.38309,720.6694111,2504.001706,1039.844348,14614.65259,14051.52736,661.2221573,3000.646279,968.5021417,14502.92869,13986.28737,582.4932966,3334.655875,863.8961393,14641.21115,14076.20332,638.1273921,3945.944148,914.4576102,14821.1239,14115.51013,679.2892468,3437.450212,930.4772754,15122.85018,14286.86206,1040.756972,3030.183801,1294.044392,15375.16309,14470.95215,1255.985592,2434.022836,1569.579217,2.887499432,6.872248648159999
0,2005,0.0,5.6,2.9,8.5,1.8,9.7,3.2,0.0,-2.1,-2.17,-2.34,-2.47,-2.77,-1.32,-1.32,-1.57,0.0,5.9,3.1,8.9,1.9,10.2,3.4,0.0,30.78,25.81,20.82,20.02,20.3,24.22,27.84,31.4,18.95,15.35,9.44,8.73,8.87,11.6,14.07,16.65,0.1,0.1,0.1,0.1,0.1,0.1,0.1,0.1,15227.24699,14547.89132,970.3170228,2191.010547,1345.476079,14856.97035,14283.63357,672.7596054,2306.989356,990.6199005,14658.25561,14069.82727,601.9115488,2761.593847,893.5307354,14540.60247,14011.89151,521.7956164,3397.140298,803.8928572,14635.622,14027.46986,621.3103304,3810.348214,918.4594459,14798.15749,14083.72181,693.6775979,3514.471407,875.0041444,15071.57269,14282.81705,1014.45557,3090.161734,1213.7579,15477.1387,14499.53617,1248.402537,2608.604974,1635.483478,2.809808029,6.6873431090199995
0,2006,0.2,0.9,1.2,2.2,4.8,6.5,14.6,0.0,-1.87,-2.64,-3.07,-4.01,-3.45,-2.65,2.97,2.29,0.2,0.9,1.3,2.3,5.0,6.8,15.3,0.0,29.54,24.48,22.08,19.13,20.96,25.04,28.1,31.62,17.71,13.35,10.46,8.15,9.54,11.6,14.1,16.58,0.0,0.0,0.0,0.0,0.0,0.0,0.0,0.0,15130.00109,14427.47294,1006.120094,2193.119649,1367.470204,14853.42566,14225.97033,776.3722371,2299.137739,1067.428534,14651.49948,14055.06388,577.3247108,2903.941366,901.0877281,14522.82819,13960.83592,514.9161938,3394.038774,810.5300401,14643.4054,14030.00352,656.8012906,4135.29773,961.4830607,14817.42262,14140.1972,732.7710559,3806.636571,973.6970962,15077.33054,14277.05719,1013.338896,3024.34394,1215.608701,15482.99276,14497.83762,1076.531876,2347.59446,1374.65543,2.823644759,6.72027452642
0,2007,1.3,0.2,2.8,3.0,7.6,2.5,6.1,0.6,0.66,-1.87,-2.1,-3.07,-1.99,-2.29,-1.54,-1.59,1.3,0.2,3.0,3.2,8.0,2.7,6.4,0.7,30.22,24.0,20.37,19.04,20.76,24.0,26.87,32.78,18.93,12.98,8.39,7.59,9.74,11.42,13.44,18.25,0.0,0.0,0.0,0.0,0.0,0.0,0.0,0.0,15144.70696,14480.25398,1000.91413,2227.893191,1370.765287,14851.27966,14205.51497,709.8714953,2373.766058,1048.260978,14607.04075,14036.3993,609.9711282,2913.625612,914.327826,14535.31739,13975.19389,617.0948209,3573.262406,861.4726023,14648.68994,14062.14286,530.8020138,3739.156932,813.2079996,14796.02962,14121.09661,836.5905929,3624.454273,1014.910242,15023.38063,14248.19407,944.2199229,3192.331071,1206.625834,15438.39148,14534.29211,1217.99975,2577.598882,1545.373804,2.69099959,6.4045790242
0,2008,5.6,2.8,1.2,10.6,5.5,0.3,1.0,0.0,-0.7,-1.26,-1.91,-1.59,-1.12,-2.11,-2.57,-2.7,5.9,3.0,1.2,11.2,5.8,0.3,1.1,0.0,31.03,25.94,21.31,17.42,20.07,27.56,29.41,32.06,19.1,14.88,9.99,6.88,7.75,13.7,14.69,17.2,0.0,0.0,0.0,0.0,0.0,0.0,0.0,0.0,15210.69879,14546.93518,982.2140856,2289.330975,1294.154984,14861.08481,14252.25531,719.7552292,2278.00356,1018.364337,14684.22602,14068.79007,576.3941366,2629.639853,869.1456943,14491.78035,13934.39731,515.5876725,3149.932021,780.3243491,14595.63782,13992.35019,622.3284657,3771.568174,883.7006843,14943.12679,14201.16628,610.4667334,3450.124277,869.3139742,15140.27029,14338.3317,1115.364449,2992.41166,1233.081628,15468.69916,14527.66919,1301.169671,2651.473409,1606.076129,2.535444848,6.03435873824
0,2009,10.9,0.2,1.1,0.2,6.2,0.0,0.0,0.0,1.41,-1.2,-2.04,-3.66,-3.01,-3.76,-4.27,-4.23,11.4,0.2,1.1,0.2,6.5,0.0,0.0,0.0,29.57,26.54,22.97,21.11,22.18,23.47,28.99,32.08,18.24,15.32,11.33,9.27,10.39,10.99,14.6,18.06,0.0,0.0,0.0,0.0,0.0,0.0,0.0,0.0,15113.93665,14481.59987,1188.346729,2441.571429,1431.679328,14910.16839,14271.77318,741.9129209,2340.224447,1031.920709,14687.07986,14117.01395,909.4905986,2969.007844,1119.494131,14551.97896,14012.5156,600.31581,3379.160715,831.9225078,14651.97379,14051.84262,590.2093903,3599.999972,850.9916278,14821.89491,14124.77433,691.8649032,3378.447236,876.1549288,15134.47777,14287.04351,1075.385477,3027.497886,1324.043206,15445.56391,14491.37403,1148.586338,2363.55435,1430.126752,2.515500161,5.9868903831799996
0,2010,0.0,0.0,6.5,1.7,5.7,0.2,0.0,0.0,-3.47,-4.37,-3.73,-4.96,-4.28,-5.02,-5.4,-5.24,0.0,0.0,6.8,1.8,6.0,0.3,0.0,0.0,32.35,25.85,22.87,21.56,23.42,26.54,29.07,32.74,20.32,14.82,11.83,10.61,12.0,14.03,14.91,18.28,0.0,0.0,0.0,0.0,0.0,0.0,0.0,0.0,15183.29361,14513.82556,1006.373676,2260.971473,1333.717,14922.11736,14277.11268,716.9157395,2325.248405,1006.179684,14686.71839,14135.61131,604.1182132,2732.577937,898.5206942,14621.47587,14057.95554,618.0016411,3446.292001,896.6994048,14683.1529,14144.97932,792.0744326,3831.226663,987.4040944,14925.90056,14227.95652,856.0727359,2987.202993,1098.803906,15236.81245,14335.37837,1119.800734,2708.620642,1383.442071,15474.96077,14550.03689,1158.520249,2268.453605,1449.769081,2.317501119,5.51565266322
0,2011,0.5,0.0,1.9,2.1,1.3,4.2,2.8,0.7,-4.04,-4.86,-5.15,-6.0,-6.15,-5.62,-5.23,-4.86,0.5,0.0,1.9,2.2,1.4,4.4,3.0,0.8,32.4,28.22,22.99,20.9,21.95,23.84,27.92,32.16,20.63,16.44,11.27,10.05,11.05,11.24,14.76,18.51,0.0,0.0,0.0,0.0,0.0,0.0,0.0,0.0,15282.61143,14590.92544,956.6006897,2083.581709,1239.402247,14977.11871,14376.54832,752.8069278,2410.392375,1014.200119,14718.72686,14147.42232,616.9796117,2791.984563,876.4823654,14572.35518,14040.61149,613.1625223,3597.846518,869.3468236,14671.11739,14099.07706,539.8356142,3495.1791,828.3696039,14819.26201,14117.71501,738.1242212,3197.826936,946.0642246,15154.42704,14276.22344,1022.710206,2820.873721,1258.188993,15431.87871,14506.71097,1207.968458,2450.024505,1478.213841,2.548500803,6.06543191114
0,2012,0.5,14.4,0.6,6.1,4.4,2.5,0.0,0.1,-3.73,-1.8,-2.57,-3.11,-2.8,-3.04,-3.64,-3.64,0.5,15.2,0.7,6.4,4.7,2.6,0.0,0.1,30.31,23.61,21.6,18.6,20.19,22.6,29.95,33.49,18.88,12.92,10.18,8.09,9.03,10.48,15.65,19.37,0.0,0.0,0.0,0.0,0.0,0.0,0.0,0.0,15180.24071,14456.59976,1026.868602,2296.970894,1352.01097,14804.07055,14213.60955,748.3260273,2256.181835,1011.096536,14665.81615,14079.90407,736.0109313,2927.07905,1022.653622,14505.4086,13971.08206,632.5843347,3376.769637,875.0552681,14517.5357,13971.01816,742.1018024,4037.721323,971.3467679,14795.42526,14113.3856,668.3634012,3738.994938,943.2363429,15151.26924,14314.01818,795.6064382,2924.73524,973.7270063,15494.16143,14569.29535,1203.918809,2544.620745,1482.025173,2.692972426,6.40927437388
0,2013,1.1,6.4,3.4,12.0,2.2,0.0,1.5,0.7,-2.88,-2.63,-2.71,-2.21,-2.5,-3.48,-3.75,-3.59,1.2,6.8,3.6,12.6,2.3,0.0,1.6,0.7,32.27,27.35,22.2,20.3,22.6,26.46,28.37,34.33,20.5,17.09,11.5,9.79,11.11,13.58,14.89,19.87,0.0,0.0,0.0,0.0,0.0,0.0,0.0,0.0,15251.17461,14586.35178,976.5141299,2176.98409,1306.981308,14911.75141,14326.05135,687.4518988,2291.429202,960.8460911,14668.55218,14127.30291,620.7736983,2852.101775,899.2851302,14545.60545,14035.03813,576.050929,3395.492351,810.4777481,14661.90283,14087.68909,630.5730975,3859.001558,894.2192646,14958.42308,14217.47052,711.4316033,3088.197013,932.4097686,15205.46888,14301.87077,1059.912476,2731.093124,1283.127503,15499.17327,14585.21761,1232.743519,2394.837116,1514.64486,2.701499682,6.4295692431600004
0,2014,0.1,0.7,12.2,8.4,10.9,3.8,0.0,1.8,-3.2,-3.94,-1.87,-1.78,2.76,2.28,1.14,1.18,0.1,0.7,12.9,8.9,11.5,4.0,0.0,1.9,29.92,27.8,19.97,20.5,22.31,24.4,29.81,32.83,17.66,16.82,9.49,9.87,10.27,12.14,16.15,19.27,0.0,0.0,0.0,0.0,0.0,0.0,0.0,0.0,15184.72677,14478.35442,1034.106453,2259.03527,1380.043925,14940.34883,14344.27081,771.0820353,2593.478564,1044.108478,14600.02265,14040.97975,572.1737317,2892.131092,821.6672508,14598.44571,14076.37752,547.5714008,3470.409741,791.1720628,14681.86873,14117.64317,632.3396473,3957.669726,921.1848297,14890.45264,14193.54725,813.3712728,3472.671701,1061.366044,15285.84609,14409.26402,1091.971517,2900.968217,1412.894192,15499.67129,14576.0543,1135.687778,2307.093263,1462.503922,2.591998888,6.16895735344
0,2015,1.8,17.2,0.7,9.9,2.8,1.3,3.0,0.1,-1.06,1.92,0.85,0.62,-1.24,-1.89,-1.91,-2.1,1.9,18.1,0.8,10.4,3.0,1.4,3.2,0.1,30.22,25.45,22.94,18.98,20.84,25.64,27.67,33.28,18.76,15.29,12.13,8.57,10.16,13.05,13.97,19.52,0.0,0.0,0.0,0.0,0.0,0.0,0.0,0.0,15186.5246,14505.94376,1023.434824,2281.637338,1391.917445,14862.16089,14303.98407,833.0469144,2585.862409,1081.639594,14687.94603,14144.27319,604.9596963,2865.939809,885.0553516,14521.09154,13981.19007,533.9641745,3334.97238,798.5078994,14652.25457,14061.54426,614.5044504,3637.245244,885.6692256,14905.33305,14206.14997,701.727915,3344.774477,930.9312417,15173.76647,14268.07585,1006.56008,2736.889334,1253.86456,15476.67322,14570.7257,1096.490905,2291.052348,1349.361482,3.01500144,7.175703427199999
0,2016,28.8,5.9,2.2,9.9,1.5,5.0,4.3,0.6,5.09,4.37,3.36,3.1,2.1,1.9,1.7,1.3,30.3,6.2,2.3,10.4,1.6,5.3,4.5,0.6,32.07,26.76,20.38,18.5,23.3,25.2,29.7,32.9,20.52,15.8,9.3,8.4,11.2,12.7,16.0,19.2,0.0,0.0,0.0,0.0,0.0,0.0,0.0,0.0,15217.18164,14582.5826,994.8780819,2214.467868,1304.077105,14910.82225,14320.52168,695.2125797,2438.970628,1020.215139,14688.94936,14136.34654,550.0432521,2845.545088,841.8520528,14542.48416,14007.85659,526.2493047,3464.172703,809.6424677,14753.01398,14118.46326,568.2517802,3640.543697,840.2008233,14893.25446,14180.59077,735.2983422,3120.715009,965.1448597,15315.34549,14406.2311,1138.214397,2720.797471,1467.847945,15411.9095,14576.42809,1246.780068,2250.047786,1481.190254,2.86950209,6.8294149742
0,2017,9.2,0.3,3.3,2.2,3.9,0.2,3.9,0.2,1.6,-1.2,-1.4,-2.5,-2.3,-3.0,-2.7,-2.8,9.7,0.3,3.5,2.3,4.1,0.2,4.1,0.2,31.9,26.1,19.4,18.4,20.4,23.8,28.5,32.9,19.6,15.6,9.0,8.0,8.2,11.1,15.2,18.6,0.0,0.0,0.0,0.0,0.0,0.0,0.0,0.0,15187.2984,14509.45783,1011.03357,2243.040651,1410.246006,14880.96641,14276.99992,747.477966,2375.442381,1034.084047,14659.57203,14088.21317,628.85574,2843.901249,908.2795342,14548.22689,14003.87174,568.9968222,3403.222185,827.3712989,14646.58795,14056.74181,630.5413068,3815.283906,900.0636891,14861.8848,14157.17457,760.0023677,3416.911452,968.6692484,15153.74624,14301.68423,1015.064217,2883.287379,1250.92,15458.96088,14531.91957,1193.437323,2419.391354,1487.676602,2.8205,6.71279
0,2018,1.2,1.3,0.6,15.5,3.1,1.3,18.4,0.9,-2.4,-3.1,-3.8,-2.7,-2.7,-3.3,3.3,2.8,1.3,1.4,0.6,16.3,3.3,1.4,19.4,0.9,30.2,25.5,23.4,19.8,23.4,27.5,29.5,33.2,18.3,14.6,12.2,9.6,12.3,14.1,16.1,20.6,0.0,0.0,0.0,0.0,0.0,0.0,0.0,0.0,15198.55427,14522.849,1024.239639,2250.917858,1350.00837,14902.16942,14301.20795,743.8036677,2401.914472,1022.698933,14673.70928,14113.00747,649.2672748,2857.807601,919.2544591,14556.34137,14020.72208,579.6552155,3429.815359,834.4661646,14657.71198,14078.77764,637.8257246,3763.763465,897.7166585,14874.64786,14170.97384,741.8063069,3305.082417,969.1978405,15201.23996,14322.19883,1036.136171,2828.307002,1289.783942,15465.88366,14550.8625,1180.459272,2365.452786,1459.50133,2.7945,6.6509100000000005
0,2019,3.7,10.1,7.0,0.2,17.6,4.6,8.0,0.2,1.4,2.0,2.2,-2.4,3.0,2.8,3.5,2.7,3.9,10.6,7.4,0.2,18.5,4.8,8.4,0.2,30.6,25.4,21.2,18.9,20.5,23.2,27.6,33.9,19.7,15.6,10.9,8.1,9.2,10.8,13.8,19.3,0.0,0.0,0.0,0.0,0.0,0.0,0.0,0.0,15192.72832,14516.5031,1014.425838,2243.609496,1348.425018,14888.88962,14284.24669,736.913946,2376.931531,1025.118791,14667.00819,14097.15394,632.7338766,2841.919763,912.1883268,14546.71015,14006.39567,568.9961756,3415.180506,828.6343925,14650.03393,14064.26734,629.2499533,3792.428979,896.7155554,14864.37251,14161.13716,735.112075,3389.036479,958.9217044,15166.06813,14312.02774,1032.052897,2898.73703,1269.065249,15466.14705,14540.56858,1189.192611,2417.128542,1482.614438,2.7949,6.651862
0,2020,20.6,0.6,4.3,4.8,4.8,45.8,2.4,0.7,4.9,3.3,2.5,1.06,1.04,6.26,5.28,4.51,21.7,0.6,4.5,5.1,5.0,48.2,2.5,0.7,31.6,27.4,22.0,19.5,21.3,24.6,28.2,33.2,19.7,16.7,11.2,8.7,10.0,12.2,14.4,18.6,0.0,0.0,0.0,0.0,0.0,0.0,0.0,0.0,15188.1766,14510.53343,1011.907166,2243.48518,1403.821868,14882.49937,14278.65544,746.7285808,2376.914026,1033.012975,14660.70747,14089.9887,630.1341437,2844.528873,909.0628878,14548.57414,14004.89143,569.5577562,3405.251211,827.8111915,14647.35479,14058.29767,630.8567313,3811.369413,899.7639436,14862.68747,14158.1094,757.7346649,3409.558609,968.1840404,15156.89443,14303.30834,1017.067409,2881.206814,1253.920484,15459.70346,14533.37177,1192.530862,2416.433386,1485.927263,2.7789,6.6137820000000005
1,2001,21.2,31.3,30.2,11.8,5.9,4.3,1.6,0.8,1.95,3.96,5.01,3.87,2.63,2.14,1.56,1.05,22.3,32.9,31.7,12.4,6.2,4.5,1.7,0.8,29.25,26.2,21.44,19.59,20.06,25.44,27.17,31.86,17.48,14.31,10.66,8.48,8.81,12.81,13.36,18.87,0.2,0.2,0.2,0.2,0.2,0.2,0.2,0.1,15121.97063,14442.52972,978.7722492,2447.371562,2807.910183,14895.03266,14289.93105,748.7118364,2531.48532,1103.797054,14638.84494,14113.73979,579.8937399,3037.861103,843.0487642,14578.54098,14025.85032,532.1318113,3643.73194,809.9321023,14638.90467,14014.89919,666.9544804,4007.111342,942.2025239,14936.33854,14226.96998,688.3420412,3564.5214,990.747495,15159.75366,14291.95465,1018.918058,2780.77835,1389.532907,15443.13264,14458.58347,1206.647462,2518.937184,1608.979411,2.775001605,6.6045038199
1,2002,5.2,10.2,17.0,32.8,21.3,1.7,3.5,1.8,-1.22,-1.24,-1.13,1.59,2.35,1.53,1.38,1.14,5.5,10.8,17.9,34.5,22.4,1.8,3.7,1.9,29.96,25.1,20.51,17.49,21.39,23.88,25.94,31.35,18.16,14.19,10.03,6.68,9.3,12.04,13.24,17.99,0.1,0.1,0.1,0.1,0.1,0.1,0.1,0.1,15098.64209,14460.25134,992.4643,2537.424754,1289.206337,14811.79137,14219.12418,804.8004581,2597.669593,1068.451252,14561.53818,14047.40065,641.110626,3019.037313,932.6628973,14496.9118,13980.17905,547.7370933,3514.690429,803.9234421,14615.64074,14076.07446,757.2764099,3862.666596,971.9364682,14749.29271,14121.03504,1584.099413,3965.3142,1350.42108,15058.26277,14218.54071,1001.42644,2897.019658,1233.35525,15421.70237,14456.41513,1196.260116,2689.01274,1586.592017,2.805000242,6.67590057596
1,2003,4.3,1.0,19.4,9.0,23.5,10.0,0.4,0.0,-0.37,-1.89,-1.49,-2.46,-1.09,1.85,1.08,-0.47,4.5,1.1,20.4,9.5,24.8,10.5,0.4,0.0,30.86,26.57,21.1,20.17,18.57,20.68,26.25,33.17,18.51,14.75,11.19,9.65,8.12,9.55,13.26,19.37,0.1,0.1,0.1,0.1,0.1,0.1,0.1,0.1,15145.85623,14473.27459,986.948831,2565.3357,1301.089941,14874.84971,14258.40553,896.4211915,2827.589719,1236.586666,14639.42047,14119.43368,623.5138849,3049.036907,931.2943745,14590.82681,14059.67492,589.8316395,3612.769062,892.7638372,14504.83866,13997.2117,691.1570045,4075.495348,955.0757227,14659.77118,14100.24704,854.1863251,3738.847361,1036.075985,14968.78573,14212.0303,925.7475904,3220.187073,1217.967427,15422.75199,14502.31482,1148.838248,2689.511475,1559.164377,2.776497873,6.608064937739999
1,2004,0.0,4.3,20.2,29.7,22.6,1.1,0.8,2.6,-1.55,-2.25,-1.84,-0.75,2.03,1.16,0.56,0.02,0.0,4.5,21.3,31.2,23.8,1.2,0.9,2.7,30.98,26.55,20.84,18.59,20.42,23.93,26.52,31.85,18.6,14.93,10.15,7.99,8.85,11.32,12.62,18.2,0.1,0.1,0.1,0.1,0.1,0.1,0.1,0.1,15154.65778,14497.8065,933.4267774,2379.585457,1274.52755,14842.00462,14256.81809,781.9507905,2761.242135,1150.683526,14609.01176,14072.86667,667.9253746,3098.989503,966.0208753,14471.83947,14010.10793,618.5862916,3585.696488,878.7916069,14592.16332,14080.92796,726.4385199,4244.63298,992.2807042,14790.50236,14113.56318,717.950043,3746.943101,994.5481202,15102.87383,14252.70509,937.7671533,3046.166428,1216.081592,15343.73201,14400.33811,1263.2025,2679.425351,1667.575962,2.804997645,6.675894395099999
1,2005,0.1,12.1,14.5,19.5,9.3,7.5,3.4,0.0,-1.46,-1.4,-1.48,-1.49,-1.79,-1.24,-1.15,-1.46,0.1,12.7,15.2,20.5,9.7,7.9,3.6,0.0,31.04,26.35,21.44,19.67,19.75,23.4,26.7,31.39,18.58,15.27,9.96,8.4,8.79,11.03,13.04,17.62,0.1,0.1,0.1,0.1,0.1,0.1,0.1,0.1,15185.82395,14508.5556,906.8750834,2399.082508,1297.448631,14838.04856,14285.16782,704.162102,2508.548303,1068.492254,14608.35171,14095.45611,652.3049432,2908.409152,978.1646628,14507.73033,14048.32591,579.530919,3584.734374,868.3506537,14567.74603,14029.48194,630.0526768,3968.543969,940.1030156,14782.37874,14080.14393,684.9525718,3708.754915,934.5857669,14983.96526,14260.62458,947.7079557,3136.134523,1130.060152,15422.38478,14443.0569,1164.851656,2639.663494,1587.460898,2.998765289,7.13706138782
1,2006,2.5,3.5,10.9,12.2,11.2,7.2,11.1,0.0,-1.54,-2.24,-2.61,-2.99,-2.85,-2.25,-0.74,-1.09,2.6,3.7,11.5,12.9,11.8,7.6,11.7,0.0,29.85,24.78,22.16,18.7,20.43,23.78,27.14,31.41,17.69,13.46,10.43,7.82,9.19,11.06,13.44,17.51,0.1,0.1,0.1,0.1,0.1,0.1,0.1,0.1,15061.21692,14405.24289,974.5690429,2674.633801,1367.305106,14812.33978,14203.81774,792.3561409,2779.234692,1142.857842,14618.16149,14064.848,630.0497424,3135.329946,986.546283,14507.9581,13979.7136,596.8630833,3582.543396,893.4186229,14603.91552,14026.0268,647.0850749,4245.017464,971.3126253,14765.96656,14142.34738,647.8496517,3707.81544,877.3096192,15036.50653,14292.92502,898.2483698,3297.296371,1200.084073,15446.17798,14428.00642,1170.451666,2690.450711,1576.837842,2.901263203,6.90500642314
1,2007,1.8,3.1,12.5,5.2,24.4,1.8,7.2,4.5,-1.33,-2.04,-2.27,-3.5,-1.84,-2.22,-1.4,-0.88,1.9,3.3,13.2,5.5,25.7,1.9,7.6,4.7,30.18,24.58,21.2,19.09,20.4,23.32,26.04,32.41,18.82,12.96,9.18,7.4,9.45,11.1,12.64,18.94,0.1,0.1,0.1,0.1,0.1,0.1,0.1,0.1,15092.30088,14445.56019,922.7131977,2609.264873,1285.61233,14809.30125,14203.14539,768.5540287,2761.335974,1162.053058,14588.12484,14048.67474,648.859123,3074.926448,944.6249165,14525.68368,14006.5164,573.7628591,3593.197299,866.1421176,14550.57041,14083.352,1345.432436,4199.482942,1226.467888,14739.06366,14129.35406,880.1958679,3931.601107,1104.096479,14980.32796,14256.96979,1277.633425,3644.987563,1588.147056,15366.00848,14480.16535,1136.374726,2712.429406,1530.104209,2.893501541,6.886533667579999
1,2008,7.9,8.4,10.2,17.7,17.6,0.5,0.3,0.0,0.1,-0.33,-1.15,-1.2,0.55,-0.84,-1.37,-1.66,8.3,8.8,10.7,18.6,18.5,0.6,0.3,0.0,31.26,26.22,21.64,17.81,19.82,26.2,28.17,32.25,19.0,15.05,10.35,6.88,7.67,12.88,13.79,18.46,0.1,0.1,0.1,0.1,0.1,0.1,0.1,0.1,15154.53127,14511.50105,942.659204,2742.62193,1291.248822,14803.32469,14247.39157,733.6254096,2669.492159,1067.887139,14651.55771,14066.47668,616.4679359,2879.426687,952.3404905,14517.26544,13959.34724,539.361127,3292.405311,849.5864586,14553.27076,14017.51662,809.6864681,3987.274597,1023.451451,14866.04038,14187.69265,648.1356284,3652.676973,919.272903,15083.77986,14323.72648,1122.103827,3351.76973,1287.141108,15388.09951,14454.85603,1250.192671,2817.111008,1626.425709,3.052499881,7.26494971678
1,2009,19.4,0.8,6.3,0.3,10.8,0.0,0.0,0.0,1.7,-1.29,-2.62,-4.62,-4.69,-5.05,-5.19,-5.11,20.4,0.9,6.6,0.3,11.4,0.0,0.0,0.0,29.85,27.1,23.22,20.69,21.47,22.92,27.48,31.98,18.28,15.38,11.53,9.11,10.31,10.94,13.56,18.81,0.1,0.1,0.1,0.1,0.1,0.1,0.1,0.1,15050.93334,14464.34912,1070.669148,2748.896574,1341.492184,14868.06957,14264.60919,881.1858955,2739.218723,1166.476509,14665.35781,14117.81897,884.490982,3065.445725,1031.322287,14550.00604,14031.52318,603.4895028,3523.316562,887.2756704,14596.39509,14043.98114,639.9747829,4030.031301,938.0986975,14792.68118,14087.50927,679.2197013,3755.13205,945.3646339,15074.31121,14254.85509,1024.960111,3399.927379,1294.936031,15390.76628,14440.30188,1178.600463,2718.826844,1561.076319,2.845500644,6.77229153272
1,2010,0.0,0.0,11.2,6.3,13.4,0.2,0.0,0.0,-3.91,-4.93,-5.49,-6.51,-6.04,-6.34,-6.34,-6.13,0.0,0.0,11.8,6.6,14.2,0.2,0.0,0.0,32.1,26.29,22.98,20.87,22.85,25.36,28.02,32.38,19.94,14.67,11.79,10.01,11.59,13.22,14.14,19.03,0.1,0.1,0.1,0.1,0.1,0.1,0.1,0.1,15145.31254,14503.75084,918.1248403,2600.993816,1245.757057,14863.85351,14255.99261,712.678977,2768.067055,1035.880682,14654.25618,14138.16499,658.2420079,3150.347266,1001.299218,14603.30274,14045.49953,631.0821166,3604.237284,943.6711756,14662.93326,14146.465,731.4024478,3749.512358,943.7709468,14876.12587,14195.42089,884.967244,3560.733777,1113.640567,15116.88334,14295.71564,1116.774629,3048.38601,1346.317937,15443.53714,14461.25458,1200.497591,2594.357811,1608.952023,2.617500332,6.22965079016
1,2011,2.5,0.1,11.4,1.3,4.5,4.9,3.2,1.4,-4.31,-5.14,-5.45,-6.75,-7.23,-6.53,-5.92,-5.5,2.6,0.2,12.0,1.4,4.7,5.2,3.4,1.4,32.26,28.29,22.99,20.49,21.41,22.86,26.6,31.83,20.78,16.26,11.37,9.61,10.76,10.84,14.02,19.44,0.1,0.1,0.1,0.1,0.1,0.1,0.1,0.1,15191.55744,14534.19207,920.1129306,2522.530089,1253.404962,14945.45139,14337.7912,819.512708,2814.867831,1142.262779,14663.6004,14148.04953,679.1562888,3048.910082,970.2207033,14566.46452,14054.3716,606.8231463,3664.660726,884.4240147,14602.70419,14091.03022,673.2284331,3997.236258,977.1681458,14751.38471,14103.03828,744.3053011,3687.845763,992.247328,15056.11925,14264.61627,978.9003721,3125.05503,1192.586029,15335.02861,14434.9773,1331.941335,3001.130619,1742.743654,2.826000838,6.72588199444
1,2012,1.7,32.3,4.2,22.3,17.9,4.0,0.0,0.1,-3.9,-0.97,-2.28,-1.86,-1.17,-1.27,-1.8,-2.05,1.8,34.0,4.4,23.5,18.8,4.2,0.0,0.1,30.13,24.17,21.84,18.09,19.56,21.94,28.49,33.22,18.68,13.17,10.37,7.73,8.61,10.23,14.72,20.26,0.1,0.1,0.1,0.1,0.1,0.1,0.1,0.1,15095.4218,14415.07078,1058.828667,2693.302548,1336.14301,14716.77128,14186.8027,795.3040366,2962.398289,1112.409549,14648.00128,14072.87241,674.7036931,3021.409772,1017.237093,14461.46184,13987.59565,671.8587175,3564.553249,941.1115088,14498.38849,13986.79839,772.49332,4022.782255,996.6826273,14758.70882,14112.33219,664.2843544,4074.1498,975.4188614,15066.32907,14248.22217,784.017718,3389.767026,1056.656806,15353.77135,14475.00744,1166.186659,2871.285166,1448.743296,2.895407497,6.8910698428599995
1,2013,0.9,5.0,17.6,30.7,1.4,0.0,0.2,0.5,-2.0,-2.51,-2.33,-1.01,-2.36,-3.08,-3.41,-3.45,1.0,5.3,18.5,32.3,1.4,0.0,0.2,0.5,32.18,27.44,22.19,19.79,21.62,25.16,27.2,34.12,20.34,17.0,11.58,9.29,10.55,13.04,14.02,20.63,0.1,0.1,0.1,0.1,0.1,0.1,0.1,0.1,15190.03077,14546.52779,905.2803321,2570.296231,1253.97265,14838.72524,14301.37283,716.4104081,2762.941343,1013.642905,14621.38738,14116.05332,642.8175876,3080.478767,974.8573575,14530.54515,14044.52294,587.4239431,3588.774096,849.4029726,14622.30163,14077.09122,681.3834812,4327.700043,977.1311909,14869.99014,14195.52088,731.5585457,3643.861031,1010.299886,15106.24501,14260.54561,1035.011451,3235.255018,1281.684003,15419.37077,14533.44322,1247.618213,2751.458727,1628.782852,2.925001448,6.96150344624
1,2014,0.0,4.0,36.5,9.5,23.0,2.3,0.1,0.1,-3.12,-3.64,-1.08,-1.77,2.24,1.56,0.78,-1.34,0.0,4.2,38.4,10.0,24.2,2.4,0.1,0.1,30.37,27.71,20.57,20.09,21.7,23.1,28.4,32.73,17.72,16.49,9.78,9.29,10.17,11.36,15.03,20.24,0.1,0.1,0.1,0.1,0.1,0.1,0.1,0.1,15139.30733,14458.572,965.5748832,2660.136082,1309.208073,14901.91253,14308.57238,813.6279224,2846.472692,1083.128829,14573.61718,14064.56758,616.326868,2976.597242,836.3144861,14590.26458,14086.54875,598.6046856,3645.571333,864.9162372,14660.29146,14146.15658,639.4038792,4104.966457,958.742461,14832.57119,14175.49012,684.5010736,3512.901517,960.6545949,15157.07138,14346.86071,978.2541591,3087.323727,1275.043611,15415.86869,14505.84854,1253.510545,2816.380618,1669.42819,2.942999433,7.00433865054
1,2015,3.9,20.8,1.0,15.9,8.1,3.4,3.9,1.6,-1.22,1.02,-1.7,-2.09,-2.56,-2.59,-2.29,-2.19,4.1,21.9,1.1,16.7,8.5,3.6,4.1,1.7,30.43,25.88,22.94,18.59,20.13,24.23,26.48,32.83,19.0,15.35,12.26,8.11,9.97,12.61,13.28,20.14,0.1,0.1,0.1,0.1,0.1,0.1,0.1,0.1,15125.84834,14481.31421,928.9510068,2760.093482,1277.798187,14799.2436,14287.99397,837.9705761,3003.459999,1134.86939,14657.30324,14132.91836,645.3657076,3181.460779,968.9149252,14499.94548,14006.85134,599.5895839,3429.48225,874.557162,14605.19815,14044.93229,686.9696059,3838.476477,936.1264435,14860.47886,14170.44973,678.252839,3590.66471,962.9977575,15052.30881,14212.58805,886.0977509,3084.239781,1174.0863,15391.58107,14475.67637,1207.518704,2858.683343,1566.851656,2.815500414,6.70089098532
1,2016,47.6,12.0,15.2,24.6,2.2,6.4,5.3,0.1,5.33,4.77,4.13,4.3,2.4,2.3,2.3,1.6,50.1,12.7,16.0,25.9,2.3,6.7,5.6,0.1,31.98,27.01,20.78,18.5,22.6,24.0,28.5,33.2,20.59,15.54,9.76,8.0,11.1,12.1,14.9,20.3,0.1,0.1,0.1,0.1,0.1,0.1,0.1,0.1,15135.26413,14562.54028,1009.147571,2676.360225,1255.40042,14834.47311,14357.3478,744.448357,2641.466488,1055.055031,14676.68719,14127.86122,615.4916262,2799.165069,953.337556,14505.45977,14041.47142,531.323695,3413.636487,847.7072717,14709.84203,14146.42435,631.1896651,3805.044327,916.2293635,14815.84553,14177.36499,760.64906,3712.117044,1032.047524,15215.10007,14366.88618,1067.5922,3048.893024,1409.903171,15360.2191,14518.36072,1309.996374,2709.282565,1696.696727,2.78100222,6.618785283599999
1,2017,5.1,2.3,7.4,4.6,4.8,1.2,4.8,0.2,0.6,-2.1,-2.9,-4.1,-4.5,-4.6,-3.9,-3.9,5.4,2.4,7.8,4.8,5.1,1.3,5.1,0.2,31.9,26.5,20.0,18.1,20.0,23.0,27.5,32.8,19.8,15.6,9.3,7.4,8.5,11.0,14.3,19.6,0.1,0.1,0.1,0.1,0.1,0.1,0.1,0.1,15130.54222,14481.93994,963.444879,2599.245602,1386.72034,14840.94955,14266.51775,784.4825524,2748.468145,1109.033404,14629.70136,14096.70017,654.7950082,3032.926985,955.5129306,14531.51292,14023.00624,588.0000134,3552.750018,872.2484284,14599.06903,14063.02312,733.1330429,4029.12342,979.1737672,14802.94628,14144.90498,783.3406038,3722.117512,1012.483038,15076.16398,14272.4854,1000.072576,3174.574168,1268.348966,15397.7583,14466.78789,1214.543058,2734.871691,1604.150946,2.9638,7.053844
1,2018,2.0,2.9,0.1,33.8,2.9,0.6,23.3,0.1,-3.1,-3.6,-5.2,-3.4,-4.3,-4.7,-0.9,-1.3,2.1,3.1,0.1,35.6,3.1,0.6,24.5,0.1,30.3,25.6,23.6,19.8,22.9,26.2,28.7,33.7,18.3,14.5,12.5,9.1,12.0,13.9,15.3,21.3,0.1,0.1,0.1,0.1,0.1,0.1,0.1,0.1,15141.39014,14476.48355,959.6974482,2465.759996,1594.036528,14852.34538,14261.88933,787.2092757,2645.307014,1125.60215,14611.43341,14089.77938,632.9497137,3022.666796,930.2383148,14529.16988,14024.82763,573.5635509,3588.324459,850.7523284,14583.85868,14039.71905,694.3758183,4031.690047,960.3196869,14783.65671,14128.39183,905.9060788,3744.876195,1061.275689,15054.72825,14247.17107,966.3134395,3016.057206,1237.399466,15410.74076,14452.14169,1195.959996,2643.310049,1601.954533,2.7496,6.544048
1,2019,0.1,21.9,28.7,2.0,16.3,8.4,4.8,0.1,-1.8,1.7,2.6,-2.4,-1.7,-0.9,-0.6,-1.0,0.1,23.1,30.2,2.1,17.2,8.8,5.0,0.1,31.2,25.9,21.7,18.0,19.7,22.0,26.4,33.5,19.7,15.4,11.1,7.2,8.6,10.1,12.8,20.0,0.1,0.1,0.1,0.1,0.1,0.1,0.1,0.1,15136.0691,14490.99417,971.8712232,2659.905695,1303.207113,14822.01255,14284.76791,782.0406421,2827.534493,1084.689851,14634.44961,14101.82884,641.5834151,3015.339769,951.0290581,14519.86496,14031.66606,596.1334398,3532.461239,874.9905968,14615.84846,14077.40432,690.7621657,4021.34883,960.6809756,14823.42347,14162.67715,717.0977461,3709.301936,992.3169436,15112.20305,14284.59802,958.5076424,3170.008791,1244.287143,15389.76155,14495.85403,1233.228926,2790.327018,1602.442278,2.714,6.45932
1,2020,43.3,0.5,14.3,21.2,27.6,23.6,3.3,0.5,5.0,3.1,2.2,2.01,3.47,5.9,5.24,4.32,45.6,0.5,15.0,22.3,29.1,24.8,3.5,0.5,32.1,27.6,22.3,18.8,20.4,23.5,26.7,32.9,19.9,16.4,11.4,7.9,9.4,11.6,13.1,19.4,0.1,0.1,0.1,0.1,0.1,0.1,0.1,0.1,15130.84926,14482.44295,963.9130093,2602.615607,1382.080716,14839.8975,14267.53165,784.3468907,2752.86072,1107.680984,14629.96515,14096.9851,654.0610308,3031.949918,955.2638266,14530.86581,14023.48734,588.4518704,3551.622863,872.4007711,14600.00122,14063.82207,730.7791052,4028.691498,978.1463899,14804.0839,14145.89232,779.6604451,3721.405535,1011.362699,15078.16615,14273.15832,997.7634127,3174.320536,1267.012198,15397.31403,14468.40268,1215.581162,2737.952543,1604.05602,2.777,6.60926
2,2001,12.6,12.6,21.0,7.9,3.4,5.2,1.4,0.5,-0.55,2.97,4.39,3.2,2.1,1.77,1.27,0.63,13.3,13.3,22.1,8.4,3.5,5.5,1.5,0.5,28.11,24.71,20.32,19.37,20.13,24.94,26.84,31.24,14.42,11.96,7.87,5.58,5.94,9.94,10.74,15.14,0.1,0.1,0.1,0.1,0.1,0.1,0.1,0.1,15139.03108,14434.3146,958.2561694,2225.266789,1834.570542,14881.06404,14283.97953,696.8891447,2391.11326,989.8769182,14666.89291,14094.43681,581.8974064,2944.918547,833.8533226,14618.33177,14014.00519,486.0352594,3391.38087,745.367787,14668.09485,14003.55792,596.7119399,3728.11514,836.5840623,14950.42622,14239.61403,643.8444982,3279.983234,861.1564226,15149.08633,14298.11792,840.19823,2717.7345,1109.476673,15422.98188,14469.98472,1108.413674,2425.237915,1390.316836,2.729996929,6.497392691019999
2,2002,2.4,2.8,8.0,24.2,13.1,1.4,2.2,1.0,-1.45,-1.59,-1.76,1.66,2.39,1.32,1.09,0.67,2.5,2.9,8.4,25.4,13.7,1.5,2.3,1.1,28.88,23.74,19.51,17.28,21.5,23.5,25.45,30.62,15.14,11.97,7.28,3.9,6.48,9.16,10.52,14.15,0.1,0.1,0.1,0.1,0.1,0.1,0.1,0.1,15132.14866,14466.01271,917.5520564,2330.72391,1212.930571,14806.50195,14209.68542,735.9540618,2427.254655,902.1020565,14560.62552,14012.14796,549.9460942,2904.048765,827.5119705,14518.92309,13960.35997,459.8765347,3241.67411,701.2513429,14671.62185,14056.705,605.1597222,3704.792434,850.8273096,14812.37539,14125.6529,1467.415209,3730.2378,1210.935812,15071.6932,14222.53596,873.8128197,2897.41728,1031.957745,15414.85751,14469.98954,1058.432474,2549.806898,1338.712976,2.752496375,6.5509413725000005
2,2003,3.6,0.2,12.0,5.7,12.1,10.5,0.4,0.0,-0.82,-1.58,-1.17,-2.32,-1.33,1.83,1.08,-1.11,3.7,0.3,12.6,6.0,12.8,11.0,0.4,0.0,29.84,25.21,20.05,20.02,18.74,20.18,25.98,32.61,15.54,12.6,8.31,6.83,5.22,6.51,10.68,15.69,0.1,0.1,0.1,0.1,0.1,0.1,0.1,0.1,15162.1738,14484.36955,910.1211786,2288.719582,1223.501412,14888.12929,14259.16583,743.9754451,2441.54778,1040.111929,14645.40842,14110.9472,541.8954113,2768.463436,807.2244092,14612.50785,14046.34644,498.8917281,3400.84492,771.8778392,14560.01225,13988.84655,595.649977,3799.136357,853.7964625,14766.70883,14087.35694,583.3748849,3453.039902,807.5178407,14992.06368,14220.09628,802.7202271,3134.105075,1044.494731,15439.93336,14519.7022,1045.020104,2535.754067,1368.568217,2.844000416,6.76872099008
2,2004,0.0,1.7,12.6,20.6,11.9,1.4,0.6,2.8,-1.55,-1.93,-1.44,1.09,1.7,0.71,-1.22,-1.04,0.0,1.8,13.2,21.7,12.5,1.4,0.6,2.9,29.91,25.1,19.87,18.49,20.46,23.53,26.1,31.25,15.57,12.68,7.43,5.31,5.96,8.35,9.98,14.5,0.1,0.1,0.1,0.1,0.1,0.1,0.1,0.1,15188.71773,14501.90047,906.9422653,2125.855678,1199.644107,14837.13677,14257.15143,633.6174033,2450.920145,920.4138531,14616.40053,14058.00523,601.8001458,2968.030348,874.8501765,14515.16353,13996.24545,551.2540285,3382.482313,817.5978745,14628.59499,14082.06732,601.3113106,3932.1875,870.2966928,14811.64583,14113.11706,647.3505218,3598.219997,889.262853,15096.06894,14269.00682,860.8514936,3038.36858,1076.136894,15371.90739,14428.38048,1184.740102,2587.096762,1524.264503,2.866498605,6.822266679899999
2,2005,0.0,4.7,8.5,13.7,4.8,8.4,2.5,0.0,-1.47,-1.33,-1.48,-1.54,-1.88,-1.08,-1.02,-1.47,0.0,5.0,9.0,14.4,5.1,8.9,2.6,0.0,29.91,24.94,20.3,19.51,19.91,22.82,26.31,30.72,15.63,13.1,7.02,5.69,5.88,8.0,10.48,13.9,0.1,0.1,0.1,0.1,0.1,0.1,0.1,0.1,15203.59492,14521.20346,937.9182627,2134.292542,1259.698834,14837.07364,14268.97761,593.9857786,2239.989564,888.3019235,14634.28923,14069.97225,534.2659607,2712.067066,809.0429712,14541.42445,14034.14606,484.2471608,3333.149824,755.4474755,14619.45641,14017.54257,515.6956722,3702.975369,818.8250844,14801.07403,14075.67051,612.5295811,3354.438229,791.5864794,14999.54374,14270.28345,858.0081338,3024.149478,977.3311848,15447.27009,14463.50489,982.1240025,2383.22886,1302.213666,2.854501068,6.793712541839999
2,2006,1.2,1.1,5.5,6.3,6.9,7.7,9.3,0.0,-1.55,-1.97,-2.49,-3.29,-3.04,-2.29,-0.55,-1.04,1.3,1.2,5.8,6.7,7.2,8.1,9.7,0.0,28.72,23.44,21.2,18.59,20.54,23.47,26.71,30.8,14.6,11.16,7.68,5.05,6.33,8.04,10.74,13.75,0.1,0.1,0.1,0.1,0.1,0.1,0.1,0.1,15106.30764,14402.75072,971.9924493,2231.609055,1348.456016,14837.42183,14210.72707,710.6149478,2382.235113,1009.020462,14630.60789,14065.53662,543.6929098,3010.690531,865.9863798,14529.94215,13959.19056,501.446171,3432.933318,792.0787676,14642.10752,14029.02278,624.7491176,4109.918547,924.6103439,14803.82001,14140.16001,652.4341621,3655.790554,851.9358502,15078.72418,14286.13652,828.0099242,3110.798496,1064.040771,15449.86024,14448.61865,1043.91517,2594.82988,1388.615638,2.877001972,6.84726469336
2,2007,1.4,0.8,6.8,4.4,14.7,2.4,5.7,2.6,-1.22,-1.73,-2.11,-3.27,-1.69,-2.14,-1.23,-1.07,1.5,0.8,7.2,4.6,15.5,2.5,6.0,2.8,29.23,23.18,19.96,18.81,20.4,22.74,25.64,31.84,15.8,10.78,6.08,4.56,6.56,7.91,10.05,15.36,0.1,0.1,0.1,0.1,0.1,0.1,0.1,0.1,15122.36387,14452.35317,977.2053406,2285.150215,1295.163935,14834.55001,14197.15865,681.7754246,2472.827553,1024.995396,14589.14435,14032.47078,541.7683011,3008.204266,830.1862722,14548.80025,13984.3254,515.658341,3479.924187,793.8618785,14659.21385,14061.69359,709.3786833,3844.032996,920.8753453,14772.61012,14126.71801,789.1175184,3619.049302,967.1732274,15004.17498,14230.48693,822.5116636,3300.848271,1085.032791,15393.66891,14504.83112,1104.736035,2686.235996,1421.22533,2.895001727,6.890104110259999
2,2008,5.7,3.1,5.1,13.8,10.5,0.5,0.2,0.0,0.17,-0.23,-1.15,-1.06,0.53,-1.11,-1.62,-2.02,6.0,3.3,5.4,14.5,11.1,0.5,0.2,0.0,30.21,25.03,20.64,17.46,19.81,25.9,27.79,31.47,16.0,12.8,7.5,3.97,4.72,9.96,11.22,14.58,0.1,0.1,0.1,0.1,0.1,0.1,0.0,0.0,15182.67672,14523.92798,905.5290055,2331.095488,1191.261909,14841.11642,14247.31508,667.2119398,2402.927717,959.1023634,14670.35932,14066.33309,513.9059623,2733.340278,809.1753376,14514.76516,13935.82923,469.3614564,3169.260513,746.2063383,14609.94613,13985.50876,577.8845918,3797.377302,853.5786909,14922.53454,14197.23639,616.6531998,3383.808433,836.1294122,15085.44294,14326.20738,1050.022304,3151.379732,1158.669173,15417.58719,14486.61368,1132.820519,2612.728246,1396.032651,3.085500361,7.343490859179999
2,2009,12.3,0.3,3.5,0.2,7.2,0.0,0.0,0.0,1.52,-0.85,-2.14,-4.22,-4.09,-4.76,-4.93,-5.0,13.0,0.3,3.7,0.2,7.6,0.0,0.0,0.0,28.76,25.74,22.26,20.63,21.7,22.36,27.26,31.32,15.19,13.16,8.71,6.38,7.41,7.81,11.03,15.17,0.0,0.0,0.0,0.0,0.0,0.0,0.0,0.0,15088.3875,14463.93611,1109.843616,2468.247483,1329.276028,14901.0095,14259.21709,668.5308983,2430.112134,989.8802947,14661.99025,14100.60747,1301.114065,3249.878914,1159.281576,14568.15337,14013.27737,549.6545427,3328.372084,805.6429558,14647.8182,14048.85709,564.9884132,3684.879681,832.3082796,14812.89974,14107.57123,630.6778315,3577.608656,839.9627457,15105.48006,14260.44564,978.2377736,3297.217567,1182.111981,15412.62817,14456.05474,1082.502417,2596.535183,1376.166705,2.853003396,6.79014808248
2,2010,0.0,0.0,7.9,3.9,9.0,0.3,0.0,0.0,-3.82,-4.34,-4.61,-5.85,-5.24,-5.86,-5.91,-5.88,0.0,0.0,8.4,4.1,9.5,0.3,0.0,0.0,31.25,24.96,22.05,20.81,23.0,24.95,27.57,31.79,17.07,12.53,9.11,7.35,8.84,10.28,11.55,15.44,0.0,0.0,0.0,0.0,0.0,0.0,0.0,0.0,15174.36749,14500.76588,944.5668508,2291.099601,1230.855034,14901.46641,14258.00778,645.7199202,2398.591467,922.0758646,14681.49261,14131.68654,611.06626,3030.885666,925.3151473,14623.6782,14052.29583,605.701197,3419.310275,917.7312385,14699.91107,14145.73086,743.4726058,3613.27421,922.4854206,14903.50933,14207.06842,820.6207029,3221.449548,1036.876036,15153.23053,14314.86556,980.0107429,2887.691119,1202.145641,15425.07778,14507.93382,1112.94383,2430.833487,1411.641575,2.641500375,6.2867708925
2,2011,1.3,0.0,6.1,1.6,2.4,5.1,2.3,1.4,-4.19,-4.64,-5.04,-6.36,-6.77,-6.11,-5.57,-5.25,1.3,0.0,6.4,1.7,2.5,5.4,2.4,1.4,31.29,27.03,22.04,20.27,21.57,22.39,26.41,31.33,17.61,14.08,8.54,6.95,7.99,7.77,11.53,15.77,0.0,0.0,0.0,0.0,0.0,0.0,0.0,0.0,15243.71936,14562.88495,897.0518416,2174.344997,1179.42523,14966.84139,14344.04892,714.2519439,2531.986495,936.7897996,14678.47745,14138.21198,607.8707796,3088.374501,880.8677103,14571.92721,14041.90713,598.6888045,3501.917933,832.0537523,14676.33623,14096.19989,558.3400476,3473.108848,835.6586863,14818.31354,14122.91687,689.2797729,3333.83928,907.0165747,15113.28158,14283.17144,895.6951094,2929.077246,1086.06635,15382.65569,14464.8569,1158.711479,2697.857351,1473.68869,2.816996765,6.704452300699999
2,2012,0.9,11.4,2.2,13.4,10.0,3.6,0.0,0.1,-3.78,-1.92,-3.1,-2.99,-2.32,-2.44,-2.86,-3.12,0.9,12.0,2.3,14.1,10.5,3.8,0.0,0.1,29.16,22.8,20.85,18.08,19.67,21.38,28.22,32.65,15.7,10.89,7.64,5.1,5.85,7.18,12.25,16.67,0.0,0.0,0.0,0.0,0.0,0.0,0.0,0.0,15147.82368,14436.19069,958.9998466,2335.958011,1269.843186,14792.66287,14193.28476,670.5982198,2436.085431,938.1679456,14654.33272,14067.79974,564.2786602,2886.754757,840.9225752,14497.46632,13961.52203,614.2785068,3618.862569,883.2011203,14528.42143,13976.60425,701.2635436,3821.582681,928.2030771,14810.25595,14112.13089,624.7767035,3812.282267,909.9665439,15113.32823,14293.48739,754.1574074,3148.639452,959.2687232,15407.57339,14522.94268,1107.333372,2738.729051,1363.494015,2.893049155,6.8854569889
2,2013,0.7,2.6,9.0,19.7,1.6,0.0,0.5,1.0,-2.59,-2.68,-2.73,-1.77,-2.76,-3.7,-3.88,-3.86,0.8,2.7,9.4,20.7,1.7,0.1,0.6,1.1,31.23,26.3,21.32,19.74,21.96,24.82,26.9,33.59,17.43,14.88,8.86,6.62,7.9,10.08,11.51,17.01,0.0,0.0,0.0,0.0,0.0,0.0,0.0,0.0,15224.3099,14564.82456,933.3499386,2314.318508,1236.782167,14883.00617,14303.86116,613.910221,2397.868733,858.4232147,14647.50451,14112.40702,567.5353361,2960.646294,849.4666206,14556.97836,14036.15425,545.5926565,3403.97721,791.9166283,14661.52197,14076.30296,622.7088321,3890.031768,881.4919045,14924.37995,14202.66611,666.1605663,3272.944713,895.6517035,15136.65696,14282.27071,939.6443624,2967.37963,1128.841672,15455.38203,14558.27176,1191.832758,2626.571862,1483.982274,3.115500476,7.414891132879999
2,2014,0.0,1.1,24.7,8.1,15.6,2.8,0.0,0.8,-3.28,-3.58,-0.82,-1.46,2.67,1.91,1.07,0.57,0.0,1.2,26.0,8.6,16.4,3.0,0.0,0.9,29.28,26.53,19.49,19.92,21.91,22.76,28.1,32.16,14.77,14.4,7.04,6.62,7.31,8.47,12.6,16.67,0.0,0.0,0.0,0.0,0.0,0.0,0.0,0.0,15166.84246,14471.28846,964.0953653,2336.471977,1268.211264,14898.03867,14315.84276,731.4806118,2590.806937,963.2125026,14576.53131,14058.34799,528.1027855,2897.518646,758.4237262,14614.08757,14060.93071,515.2556784,3337.00376,758.1832029,14703.3512,14132.53363,636.017035,3672.743363,896.4680785,14874.56603,14188.88101,673.5759284,3065.222146,868.4948972,15229.44352,14389.91493,854.6948537,2758.842848,1113.118529,15464.88094,14526.40936,1050.39261,2447.735881,1377.619053,2.862000852,6.81156202776
2,2015,2.2,10.0,0.9,12.5,4.8,1.1,2.7,0.0,-1.28,1.08,-1.55,-1.78,-2.19,-2.84,-2.57,-2.88,2.3,10.5,0.9,13.2,5.0,1.2,2.8,0.0,29.39,24.53,21.96,18.41,20.28,23.99,26.12,32.37,15.96,13.11,9.46,5.38,7.06,9.6,10.66,16.63,0.0,0.0,0.0,0.0,0.0,0.0,0.0,0.0,15174.4152,14488.16746,926.8934622,2363.776827,1249.656875,14858.51412,14295.56078,760.471148,2676.817833,1029.742838,14676.90948,14132.39849,583.8315685,2971.540554,856.6918739,14529.83912,13974.81232,533.9205034,3189.115217,790.9355817,14648.11914,14052.69276,627.5717848,3456.822361,873.2656538,14896.43825,14186.97233,679.5573588,3387.641037,901.3570442,15104.05434,14235.46196,870.837477,2867.933343,1106.845202,15450.48844,14523.19174,1040.401857,2516.021831,1317.801335,2.890498336,6.879386039679999
2,2016,30.5,4.5,5.5,17.4,2.0,6.4,4.1,0.5,4.88,4.36,3.15,3.4,1.9,1.8,1.9,1.2,32.1,4.7,5.8,18.3,2.1,6.7,4.3,0.5,31.06,25.73,19.8,18.3,22.8,23.6,28.2,32.5,17.63,13.42,6.82,5.3,8.2,9.1,12.4,16.7,0.0,0.0,0.0,0.0,0.0,0.0,0.0,0.0,15191.68952,14568.95184,962.3161449,2282.382658,1207.818263,14890.96265,14325.93566,645.8212605,2521.774913,958.5368837,14684.94564,14126.13995,540.3397407,2810.961403,830.2184239,14558.50068,14021.25652,503.167741,3204.555095,780.2536832,14749.03949,14135.01827,590.2908226,3387.056361,812.8718923,14874.32488,14190.26805,702.7501535,3170.287446,905.2819214,15268.68809,14395.54723,993.9284839,2723.587323,1275.969255,15380.80978,14553.82434,1136.641575,2290.194099,1392.593386,2.703001902,6.43314452676
2,2017,4.4,0.5,5.4,3.6,3.9,0.7,3.2,0.2,-0.1,-1.5,-2.0,-3.3,-3.5,-4.0,-3.5,-3.7,4.6,0.5,5.7,3.8,4.1,0.7,3.4,0.2,30.9,25.2,18.9,17.9,20.2,22.4,27.1,32.2,16.7,13.4,6.5,4.7,5.6,7.9,11.8,16.0,0.0,0.0,0.0,0.0,0.0,0.0,0.0,0.0,15165.5356,14490.24016,948.9146121,2282.457083,1283.568461,14865.96848,14264.36997,682.1755231,2449.553733,958.1721403,14642.24451,14086.09057,607.0819617,2934.145248,859.9386558,14557.53057,14005.78778,527.0643944,3364.672762,792.7254667,14648.34791,14055.55526,616.9496312,3726.127182,869.5091865,14847.24267,14151.50005,718.7574121,3432.240159,905.0190853,15106.31008,14286.12726,887.7088129,2997.198121,1100.094207,15421.09767,14494.06941,1096.310124,2544.962336,1395.433553,2.8245,6.722309999999999
2,2018,1.3,1.2,0.5,24.3,2.8,0.8,15.4,0.5,-2.8,-3.1,-4.5,-2.8,-3.4,-4.1,-0.9,-1.3,1.4,1.3,0.5,25.6,2.9,0.8,16.2,0.5,29.2,24.4,22.6,19.5,22.9,25.8,28.2,32.8,15.3,12.3,9.7,6.4,9.1,10.8,12.7,17.8,0.0,0.0,0.0,0.0,0.0,0.0,0.0,0.0,15175.2323,14505.25001,960.6701865,2316.561905,1250.604056,14884.27447,14284.45876,681.4399718,2492.621964,950.5557204,14656.04761,14105.96553,656.8023508,2981.189554,884.5695899,14564.24016,14018.66044,554.8137805,3374.198545,816.9604033,14662.54074,14079.94389,629.0669684,3636.180717,872.4735755,14862.4367,14163.33055,689.5729367,3363.723917,907.7362835,15147.83038,14304.58801,906.1016692,2953.062961,1128.273507,15422.28821,14511.95053,1108.563336,2543.271231,1399.157843,2.52,5.997599999999999
2,2019,0.9,9.0,18.4,2.0,12.1,8.5,4.7,0.3,-1.6,1.3,2.4,-2.4,-1.4,-0.6,1.7,0.9,0.9,9.5,19.4,2.1,12.7,8.9,4.9,0.3,30.1,24.6,20.6,18.2,20.1,21.8,26.3,33.2,16.8,13.3,8.3,4.8,6.1,7.4,10.6,16.7,0.0,0.0,0.0,0.0,0.0,0.0,0.0,0.0,15166.0743,14491.07404,949.5676996,2284.351795,1281.737105,14866.98548,14265.48601,682.1346591,2451.946413,957.7490059,14643.01135,14087.19473,609.8442055,2936.758821,861.307041,14557.90332,14006.50293,528.606027,3365.201973,794.071852,14649.1364,14056.91019,617.6228166,3721.130157,869.6738748,14848.08678,14152.1573,717.1360523,3428.433701,905.1700407,15108.61676,14287.15286,888.7306382,2994.746168,1101.659724,15421.16382,14495.06281,1096.990858,2544.868385,1395.640458,2.727,6.490259999999999
2,2020,29.6,0.0,17.3,14.5,10.0,25.1,2.9,1.0,5.1,3.6,4.0,3.48,3.47,6.86,6.18,5.14,31.2,0.0,18.2,15.3,10.5,26.4,3.1,1.1,31.1,26.5,21.3,18.7,20.8,23.4,27.0,32.9,16.9,14.4,8.6,5.3,6.8,8.9,11.3,16.3,0.0,0.0,0.0,0.0,0.0,0.0,0.0,0.0,15169.66071,14495.88703,950.9398862,2285.099612,1253.264934,14869.71519,14267.68055,678.100901,2456.97729,959.1324787,14646.45278,14091.18325,615.0115532,2938.202958,864.909911,14556.64166,14008.77591,535.1531011,3370.928382,802.396827,14646.69853,14060.06062,619.5859914,3721.680318,872.7289558,14844.16748,14148.57187,677.3132522,3419.412899,889.7728552,15108.40818,14290.30885,892.4630045,3016.766201,1105.30002,15421.42783,14498.01289,1098.587068,2551.614971,1399.302288,2.465,5.8667
3,2001,15.1,21.3,28.1,11.7,5.0,5.3,2.1,0.6,-0.66,3.17,4.62,3.39,2.14,1.71,1.24,0.7,15.9,22.5,29.6,12.4,5.3,5.6,2.2,0.7,28.61,25.93,21.5,19.85,20.06,25.4,27.29,31.26,15.88,13.48,9.52,6.94,6.72,11.37,12.09,16.15,0.1,0.1,0.1,0.1,0.1,0.1,0.1,0.1,15134.61809,14438.64737,885.5166931,2147.999774,1357.929542,14888.427,14281.3001,674.5708908,2658.041714,979.0198781,14630.50546,14100.90819,531.2571154,3135.203694,769.3392252,14584.3578,14011.4839,470.5461373,3631.79337,721.9126948,14621.05291,14004.46008,600.6808787,4036.175175,826.8031963,14915.27735,14231.51527,644.0532528,3343.203016,878.6345719,15182.63189,14287.25511,933.6854907,2497.164822,1221.266847,15450.53347,14483.052,1158.724362,2206.006946,1432.014852,2.760003038,6.568807230439999
3,2002,3.6,5.8,12.3,34.6,18.3,1.9,3.2,1.1,-1.42,-1.54,-1.6,1.81,2.46,1.47,1.29,0.91,3.8,6.1,12.9,36.5,19.3,2.0,3.4,1.2,29.37,24.88,20.54,17.77,21.37,23.94,25.94,30.64,16.55,13.54,8.93,5.21,7.21,10.59,11.87,15.15,0.1,0.1,0.1,0.1,0.1,0.1,0.1,0.1,15114.25109,14466.50525,886.7475943,2337.342896,1167.117913,14822.29329,14217.21115,677.6102703,2537.363376,927.5435585,14556.50829,14032.37202,528.3375875,3009.415631,802.7420375,14496.16968,13959.43339,449.786763,3417.533375,678.151457,14628.98481,14060.24708,547.738028,3887.236334,786.614468,14802.23687,14122.15273,1471.861249,3726.440818,1228.551389,15074.31834,14222.57484,929.490475,2644.050448,1104.316618,15441.22227,14479.9925,1046.41213,2194.324994,1296.359837,2.773505361,6.60094275918
3,2003,4.6,0.5,15.9,8.6,19.7,12.7,0.5,0.0,-0.19,-1.73,-1.38,-2.57,-1.29,2.11,1.3,0.64,4.8,0.5,16.7,9.0,20.8,13.4,0.5,0.0,30.26,26.39,21.15,20.48,18.58,20.62,26.38,32.63,16.95,14.1,9.97,8.23,5.97,8.01,12.01,16.68,0.1,0.1,0.1,0.1,0.1,0.1,0.1,0.1,15143.58933,14485.87107,878.5503049,2351.554597,1182.795482,14887.33231,14266.03249,748.7772005,2684.398088,1079.398916,14620.98616,14112.3534,523.252993,2987.051559,793.7195053,14584.8171,14049.82427,486.0407725,3672.771911,778.0157556,14509.25051,13974.67994,625.6187034,4095.313813,861.1024961,14729.41727,14097.45865,590.8736165,3464.132822,817.7928055,15021.21806,14213.78878,882.4860326,2825.117085,1133.800015,15476.75596,14524.19718,1060.292749,2255.088209,1374.042241,2.772001887,6.59736449106
3,2004,0.0,2.7,16.5,29.7,17.5,1.4,0.9,3.2,-1.54,-2.12,-1.73,-0.65,1.69,0.73,-1.2,-0.96,0.0,2.9,17.4,31.3,18.4,1.5,1.0,3.3,30.35,26.32,20.98,18.95,20.33,24.01,26.57,31.2,16.98,14.18,9.09,6.64,6.74,9.8,11.31,15.44,0.1,0.1,0.1,0.1,0.1,0.1,0.1,0.1,15186.97468,14488.00602,845.1564039,2100.135758,1170.100068,14844.16123,14256.50698,661.0559446,2672.785483,981.3300203,14583.45699,14063.76235,569.2104699,3193.44031,845.0277841,14489.93063,14014.92191,519.0920488,3678.000452,773.12356,14571.7636,14063.06672,706.0717755,4199.255308,922.7056698,14823.51764,14106.51522,692.543935,3595.885024,953.1222046,15176.2243,14266.72901,950.6967096,2639.973571,1220.637678,15364.29086,14435.0322,1154.331828,2213.933251,1423.253784,2.795999244,6.65447820072
3,2005,0.1,8.9,12.7,20.6,7.3,8.7,3.0,0.0,-1.44,-1.26,-1.24,-1.2,-1.66,-1.08,-1.07,-1.44,0.1,9.4,13.4,21.7,7.7,9.1,3.2,0.0,30.39,26.08,21.38,19.94,19.73,23.27,26.77,30.74,17.0,14.62,8.68,7.02,6.63,9.46,11.8,14.89,0.1,0.1,0.1,0.1,0.1,0.1,0.1,0.1,15203.41019,14517.16392,898.3744748,2206.990558,1217.846262,14818.2596,14287.3512,606.655297,2373.893457,914.9987953,14606.51062,14075.79571,525.2588661,2831.909759,796.2269031,14504.41633,14031.0705,512.7507906,3679.12068,781.0750508,14559.5926,14013.42033,646.268184,3997.374125,917.6273999,14795.97198,14063.20826,641.3255591,3356.092049,824.4102666,15047.02706,14269.31253,926.1900459,2670.327234,1047.867555,15472.05696,14477.94481,1033.934041,2108.927208,1328.696974,2.780571176,6.61775939888
3,2006,1.9,2.2,8.3,10.4,9.5,8.1,11.2,0.0,-1.52,-2.11,-2.57,-3.33,-3.23,-2.61,-0.95,-1.32,2.0,2.3,8.8,11.0,10.0,8.5,11.7,0.0,29.23,24.57,22.31,18.99,20.38,23.82,27.13,30.85,16.04,12.71,9.3,6.41,7.06,9.58,12.11,14.79,0.1,0.1,0.1,0.1,0.1,0.1,0.1,0.1,15078.69091,14408.57808,893.8007679,2336.077976,1275.111136,14826.32725,14200.46677,703.3239214,2589.050147,1035.957534,14613.88348,14056.19786,550.0920488,3213.213237,873.82042,14506.44436,13956.51447,506.6718997,3721.127965,784.3722047,14581.83763,14021.11971,615.4347752,4380.295121,895.482155,14781.19479,14127.81154,711.9194714,3821.03281,915.5699684,15106.95163,14278.49655,901.2476471,2836.064528,1145.411791,15481.1717,14467.86375,1059.79066,2216.956799,1358.573921,2.799003286,6.66162782068
3,2007,1.9,1.4,9.6,6.6,19.6,2.7,7.7,2.9,-1.39,-2.06,-2.37,-3.62,-2.2,-2.58,-1.56,-1.32,2.0,1.5,10.1,7.0,20.7,2.9,8.1,3.1,29.67,24.37,21.12,19.34,20.34,23.21,26.09,31.85,17.25,12.28,7.77,5.9,7.28,9.41,11.34,16.31,0.1,0.1,0.1,0.1,0.1,0.1,0.1,0.1,15104.53495,14445.98813,846.0072284,2314.769912,1178.695866,14816.01838,14192.07411,643.0322265,2727.089451,1006.837889,14579.94497,14047.98113,538.3559973,3232.128812,824.2715157,14512.6253,13984.93907,503.2969279,3708.857804,753.742094,14540.55325,14064.40125,1075.407895,4149.03281,1011.147391,14751.82371,14108.44872,818.2322679,3558.327762,1013.232268,15036.01779,14247.52021,956.6844363,2988.291469,1214.450493,15405.1127,14513.73958,1048.214423,2184.614637,1298.0493,2.832000397,6.7401609448599995
3,2008,5.8,6.3,7.9,19.2,15.2,0.7,0.3,0.0,-0.81,-0.92,-1.72,-1.66,-0.99,-1.92,-2.36,-2.61,6.2,6.6,8.4,20.2,16.0,0.7,0.3,0.0,30.69,26.12,21.72,18.02,19.77,26.34,28.23,31.51,17.44,14.32,9.19,5.26,5.47,11.5,12.55,15.57,0.1,0.1,0.1,0.1,0.1,0.1,0.1,0.1,15179.57018,14510.05959,825.5306076,2415.72496,1123.445855,14820.16069,14236.53323,654.794669,2581.299375,915.893758,14623.70859,14060.84098,486.039756,3017.022137,780.5714931,14495.82284,13942.88145,470.7065169,3558.892591,756.5649989,14565.38682,13991.60256,673.598543,3985.320307,885.676587,14893.16674,14175.91569,654.6078044,3328.055455,865.4037722,15148.10291,14322.32929,1187.926135,2851.838642,1300.831489,15377.05806,14518.993,1120.775638,2197.20087,1284.664671,2.668656423,6.351402286739999
3,2009,14.5,0.5,5.3,0.3,8.7,0.0,0.0,0.0,1.37,-1.09,-2.4,-4.69,-4.89,-5.41,-5.54,-5.48,15.3,0.6,5.6,0.3,9.2,0.0,0.0,0.0,29.24,26.88,23.34,21.02,21.48,22.8,27.67,31.4,16.61,14.66,10.39,7.73,8.2,9.32,12.36,16.17,0.1,0.1,0.1,0.1,0.1,0.1,0.1,0.1,15086.53039,14467.56643,989.2423311,2430.764039,1239.144567,14884.50314,14250.38847,622.6342143,2547.507718,937.9056547,14658.14078,14117.42876,861.8237521,3071.131014,921.3207025,14529.02377,14011.09556,543.6440592,3652.399537,792.1785069,14595.18086,14038.51649,597.8183307,3930.507341,831.934267,14786.18036,14082.25221,658.4281116,3600.052293,868.2723062,15160.01404,14257.40891,1070.735487,2966.659589,1326.799036,15411.86089,14483.90483,1066.002824,2144.703976,1312.953072,2.682000474,6.38316112812
3,2010,0.0,0.0,9.2,5.9,12.1,0.4,0.0,0.0,-4.11,-4.87,-5.37,-6.68,-6.19,-6.66,-6.66,-6.48,0.0,0.0,9.7,6.2,12.8,0.4,0.0,0.0,31.7,26.11,23.12,21.2,22.8,25.39,28.06,31.86,18.52,14.03,10.79,8.72,9.52,11.77,12.84,16.43,0.1,0.1,0.1,0.1,0.1,0.1,0.1,0.1,15146.45073,14498.39634,836.9298396,2288.46004,1109.009081,14872.35333,14246.98809,601.1667043,2644.518636,899.2308561,14609.44939,14128.86323,579.9837362,3351.956178,895.5682178,14584.11756,14043.2173,556.2215383,3758.557601,858.7493224,14625.94329,14133.42165,757.6567653,3912.255986,903.9694274,14928.45699,14179.21063,877.6124915,3114.502767,1129.812175,15235.13623,14316.6785,1060.21286,2481.225811,1295.771854,15436.7784,14504.89645,1056.236504,2085.284561,1266.714649,2.548501806,6.06543429828
3,2011,1.9,0.1,9.4,2.7,3.9,6.0,3.4,1.5,-4.5,-5.15,-5.46,-6.88,-7.39,-6.65,-5.98,-5.57,2.0,0.1,9.9,2.8,4.1,6.3,3.6,1.6,31.68,28.18,23.23,20.75,21.47,22.85,26.83,31.34,19.1,15.58,10.31,8.32,8.72,9.3,12.88,16.77,0.1,0.1,0.1,0.1,0.1,0.1,0.1,0.1,15202.20172,14543.74473,825.9435284,2271.017935,1118.083307,14949.4195,14335.86068,657.7790829,2779.461637,916.1932083,14653.41873,14147.73975,574.661396,3327.517224,827.8557714,14546.44028,14037.69249,564.4040547,3860.343517,795.1669867,14611.92959,14080.30553,655.3514231,3861.540434,895.3792071,14793.45204,14100.86486,715.6674385,3298.659476,939.8648634,15149.29429,14271.69071,971.7391765,2631.961976,1188.071305,15358.90207,14472.67457,1159.65558,2288.264739,1402.036876,2.665500835,6.3438919873
3,2012,1.2,20.2,3.5,21.8,14.9,4.7,0.1,0.3,-3.95,-1.68,-2.88,-2.54,-1.92,-1.98,-2.46,-2.66,1.3,21.2,3.6,22.9,15.7,5.0,0.1,0.3,29.54,24.01,21.97,18.52,19.57,21.82,28.66,32.71,17.05,12.45,9.3,6.46,6.56,8.64,13.56,17.67,0.1,0.1,0.1,0.1,0.1,0.1,0.1,0.1,15121.09667,14424.86215,857.0220917,2319.735893,1168.847572,14765.26397,14180.81951,672.2246066,2739.00256,979.6567276,14633.07687,14067.30272,553.1438898,3073.03953,838.3129659,14468.67581,13972.55762,609.6700926,4043.33595,868.7184324,14511.58214,13976.67115,635.4375988,4076.633556,859.3220578,14771.29158,14082.2183,630.3207025,3970.339113,896.3559408,15130.26106,14267.8784,810.3676681,3000.620887,1025.487915,15391.18913,14521.12539,1149.113226,2424.060538,1347.907443,2.707987523,6.445010304739999
3,2013,1.0,4.8,12.9,30.3,2.0,0.1,0.8,1.5,-2.31,-2.49,-2.5,-1.25,-2.54,-3.42,-3.65,-3.51,1.1,5.1,13.6,31.9,2.1,0.1,0.8,1.6,31.67,27.41,22.38,20.17,21.82,25.21,27.39,33.63,18.82,16.38,10.53,7.94,8.65,11.57,12.84,17.98,0.1,0.1,0.1,0.1,0.1,0.1,0.1,0.1,15206.17852,14545.12029,823.7649424,2286.957714,1132.707115,14857.53529,14293.43339,597.99744,2648.970936,843.1181387,14612.99829,14120.02059,527.8736165,3268.743506,798.426248,14519.40138,14029.11227,557.1121527,3705.92478,761.7532754,14611.45992,14061.5794,617.483115,4168.701209,859.7466117,14921.21874,14174.54797,731.4220127,3242.138243,984.0899594,15196.04146,14283.25548,1052.556283,2736.253595,1275.949326,15442.39314,14574.16624,1135.392817,2264.342726,1358.46047,2.660998729,6.33317697502
3,2014,0.1,2.4,30.9,9.8,19.4,3.3,0.1,0.8,-3.1,-3.54,-0.98,-1.85,-0.62,-1.0,-1.56,-1.74,0.1,2.5,32.5,10.4,20.4,3.5,0.1,0.9,29.79,27.68,20.68,20.44,21.78,23.23,28.59,32.17,16.18,15.92,8.7,7.93,8.1,9.94,13.89,17.58,0.1,0.1,0.1,0.1,0.1,0.1,0.1,0.1,15155.51389,14468.10895,864.75541,2369.321843,1136.131873,14868.91525,14318.38435,655.0307206,2758.563135,912.7601084,14544.84003,14047.46185,549.7513553,3341.437204,766.0526881,14580.33806,14053.691,523.4087418,3801.036085,742.8859837,14654.53919,14105.17049,592.5049695,3957.853061,831.3337475,14863.33903,14158.86921,667.0908064,3141.046928,892.1327649,15256.16035,14359.10954,962.6693019,2551.947594,1229.245012,15425.2645,14532.94919,1028.113734,2063.618704,1255.909532,2.673004019,6.361749565219999
3,2015,3.2,16.6,1.3,17.6,7.1,1.2,3.9,0.1,-1.45,1.2,-1.6,-1.89,-2.39,-2.98,-2.63,-2.84,3.3,17.4,1.4,18.5,7.5,1.2,4.1,0.1,29.78,25.64,23.0,18.8,20.06,24.34,26.58,32.38,17.36,14.61,11.13,6.73,7.8,11.12,12.0,17.5,0.1,0.1,0.1,0.1,0.1,0.1,0.1,0.1,15134.04362,14472.98792,827.590829,2468.588028,1132.674407,14801.1339,14285.50206,761.2967397,2837.754311,965.2840899,14646.89661,14118.24427,527.6008584,3301.254574,806.5015247,14491.99267,13980.28452,568.8655975,3800.365598,807.2498306,14560.81467,14037.18714,610.5998419,3941.00288,824.8705105,14872.14595,14163.75127,666.0237181,3544.803197,904.5794554,15135.55514,14222.82834,951.8220012,2693.022287,1212.522777,15443.44949,14521.4447,1074.651513,2215.786085,1321.036481,2.689501066,6.40101253708
3,2016,36.6,8.1,7.8,26.4,3.0,7.6,5.6,0.5,4.67,4.17,3.02,3.5,1.8,1.8,2.0,1.3,38.5,8.5,8.2,27.8,3.2,8.0,5.9,0.5,31.41,26.89,20.87,18.8,22.6,24.0,28.6,32.6,18.97,14.84,8.48,6.7,9.0,10.6,13.8,17.8,0.1,0.1,0.1,0.1,0.1,0.1,0.1,0.1,15140.50159,14558.28064,953.189835,2463.852722,1148.14136,14840.33069,14330.42883,637.3127024,2830.258716,952.0925383,14650.32034,14116.59186,512.2943867,3047.514626,796.5732374,14507.03595,14021.63272,488.0166592,3564.537328,753.8190084,14723.78423,14122.20108,591.1904224,3690.802519,804.5519539,14862.56243,14164.90367,706.2512989,3263.616445,941.830698,15294.72835,14368.39671,1058.085159,2576.501845,1350.932686,15326.36116,14554.19993,1112.814886,2099.479614,1277.925119,2.686502807,6.39387668066
3,2017,5.0,1.0,7.8,5.4,5.5,1.0,4.7,0.3,-0.2,-1.7,-2.3,-3.6,-3.9,-4.3,-3.7,-3.7,5.3,1.1,8.2,5.7,5.8,1.1,4.9,0.3,31.3,26.3,20.1,18.4,20.0,22.8,27.5,32.1,18.1,14.9,8.2,6.1,6.4,9.4,13.1,17.0,0.1,0.1,0.1,0.1,0.1,0.1,0.1,0.1,15146.13478,14483.74293,871.1326801,2319.330915,1178.611338,14847.65218,14261.20509,660.9539144,2663.122421,952.9513545,14614.04035,14088.36654,558.6836141,3150.123687,821.02064,14525.1006,14006.27203,520.639672,3703.412409,775.4674476,14592.1035,14046.75316,659.3038281,4016.831249,869.8916966,14830.70334,14133.72776,742.3896085,3460.520514,940.8534631,15146.85518,14278.45331,975.4121818,2724.438836,1205.83515,15419.02505,14504.13602,1091.528557,2197.662116,1333.662451,2.7286,6.494068
3,2018,1.8,2.3,0.7,32.7,3.8,0.9,19.5,0.5,-2.9,-3.3,-4.8,-3.1,-3.8,-4.4,-1.1,-1.4,1.9,2.4,0.7,34.4,4.0,0.9,20.5,0.5,29.6,25.4,23.7,20.0,22.8,26.1,28.7,32.9,16.7,13.8,11.4,7.7,9.9,12.3,14.1,18.7,0.1,0.1,0.1,0.1,0.1,0.1,0.1,0.1,15141.78733,14485.61968,867.9091743,2357.050165,1161.716956,14845.80113,14261.00705,655.6289118,2695.54992,943.1568215,14620.05987,14093.08663,568.3587006,3199.590144,829.1912854,14522.25155,14003.32421,534.3881594,3739.899264,787.5556743,14597.92626,14056.57747,673.4822923,4005.898039,872.7754677,14837.96131,14137.71015,714.9971444,3445.257917,940.9998029,15166.25987,14289.50383,996.6215281,2753.235588,1230.942403,15409.88052,14514.17447,1091.85753,2198.497947,1318.157832,2.5321,6.0263979999999995
3,2019,0.9,16.8,26.6,4.4,15.2,12.7,5.4,0.5,-1.7,1.7,3.0,-2.4,-1.7,1.6,1.8,1.2,0.9,17.7,28.0,4.6,16.0,13.4,5.7,0.5,30.4,25.8,21.7,18.5,20.0,22.1,26.6,32.9,18.1,14.8,10.0,6.0,6.8,8.8,11.8,17.3,0.1,0.1,0.1,0.1,0.1,0.1,0.1,0.1,15148.90801,14487.88172,868.4233429,2329.918564,1166.017784,14843.8557,14262.46332,652.7258064,2672.588527,943.8244996,14616.71639,14089.97895,565.5421629,3174.668129,828.0494265,14518.90781,14005.94714,531.9259274,3731.720771,786.1614918,14593.6265,14054.13294,673.8406507,4018.220263,879.0942767,14834.19911,14130.6637,708.5888247,3449.355333,934.0353273,15158.97531,14286.63942,988.8644414,2740.157564,1218.050431,15410.98631,14506.48301,1092.160917,2193.555585,1325.866838,2.467,5.87146
3,2020,27.0,0.1,21.9,25.2,16.0,23.4,3.4,1.1,3.8,2.2,2.6,2.75,3.0,5.37,4.77,3.95,28.4,0.1,23.0,26.5,16.8,24.6,3.6,1.2,31.5,27.7,22.4,18.9,20.6,23.7,27.3,32.6,18.3,16.0,10.3,6.4,7.4,10.3,12.4,17.0,0.1,0.1,0.1,0.1,0.1,0.1,0.1,0.1,15146.05193,14484.05954,870.8204252,2321.873384,1177.059341,14847.35494,14261.26089,660.2405928,2665.327348,951.9554919,14614.49801,14088.69983,559.5538054,3154.018998,821.8206101,14524.62471,14006.09978,521.9572901,3706.822684,776.6665145,14592.49012,14047.65864,660.815159,4016.328923,870.5278204,14831.26933,14133.7761,739.1689113,3459.129578,940.5023159,15148.51438,14279.46576,977.2364768,2726.781756,1207.799494,15418.12067,14504.78789,1091.579154,2197.489974,1332.436123,2.492,5.93096
4,2001,8.6,6.2,10.5,2.3,1.4,5.0,0.3,0.1,2.04,3.29,4.61,3.51,2.31,2.37,1.81,1.2,9.1,6.5,11.1,2.4,1.4,5.3,0.3,0.1,28.93,25.62,21.28,20.88,21.32,26.95,29.09,32.53,16.07,13.02,9.66,8.14,7.76,12.85,13.2,17.25,0.1,0.1,0.1,0.1,0.1,0.1,0.1,0.1,15139.98017,14467.45172,928.6717579,2245.356676,1594.510204,14891.32106,14280.57323,665.9580532,2294.226545,946.18732,14643.51151,14112.68889,572.1569404,2720.382205,826.8298511,14641.80521,14030.10017,562.9322767,2903.432156,816.9053795,14731.34663,14040.44019,649.3159222,3120.869116,905.7053315,15011.94408,14302.7664,696.6241595,3004.985711,949.9839098,15158.57323,14373.0892,834.9827089,2667.383285,1085.759846,15395.66411,14528.62211,1122.48439,2492.81268,1426.04659,2.924995077,6.9614882832600005
4,2002,0.6,0.3,1.6,8.0,8.3,0.4,0.3,0.2,-1.36,-1.69,-2.41,-1.16,2.01,0.7,-1.27,-1.44,0.6,0.3,1.7,8.4,8.7,0.4,0.3,0.2,29.64,24.86,20.92,18.64,22.84,25.51,27.69,31.85,16.79,12.9,9.17,6.44,8.49,12.13,13.0,16.16,0.1,0.1,0.1,0.1,0.1,0.1,0.1,0.1,15147.99188,14500.99858,833.5748319,2262.751393,1114.308453,14796.60052,14222.65628,818.4953571,2541.977426,963.2788985,14605.30525,14022.83837,613.2466379,2615.855307,864.1340058,14534.00012,13984.76947,528.2826609,2784.040586,768.1591018,14705.6918,14112.27065,697.8788425,3282.003122,967.8000721,14923.97758,14197.81515,1008.782541,3145.482949,1045.74964,15077.1905,14291.41167,845.5190522,2717.715178,1014.385847,15409.45694,14550.24752,1129.463497,2740.212897,1518.210975,2.939992508,6.997182169039999
4,2003,2.0,0.0,5.5,1.5,3.4,6.0,0.2,0.0,-1.04,-1.54,-1.18,-2.0,-2.13,-1.02,-1.28,-1.6,2.1,0.0,5.8,1.6,3.5,6.4,0.2,0.0,30.85,26.17,21.43,21.68,20.24,22.11,28.43,33.92,17.17,13.64,10.21,9.44,7.18,9.29,13.24,17.87,0.1,0.1,0.1,0.1,0.1,0.1,0.1,0.1,15165.09939,14544.96517,872.2125841,2294.563016,1177.14659,14848.37166,14257.3239,791.9811079,2488.882645,1075.745277,14644.40031,14114.56642,610.4883526,2541.925072,881.682757,14622.19785,14087.85064,602.8447406,2938.893492,833.4743036,14599.39754,14031.20163,642.14061,3239.488353,926.7211815,14832.41179,14150.79814,716.585975,3197.713377,948.4311959,15047.49709,14291.86362,817.4442844,2871.84374,1032.752962,15442.04507,14578.10583,1006.10879,2471.535063,1364.895053,2.806495974,6.67946041812
4,2004,0.0,1.0,6.7,6.6,6.0,1.4,0.1,0.6,-1.74,-1.89,-1.2,-0.68,1.22,-0.76,-1.06,-1.12,0.0,1.0,7.1,7.0,6.3,1.5,0.1,0.6,30.9,26.17,21.02,20.08,21.86,25.43,28.49,32.77,17.32,13.82,9.23,7.96,7.9,11.13,12.59,16.77,0.1,0.1,0.1,0.1,0.1,0.1,0.1,0.1,15167.10684,14560.59198,835.5497599,2077.947166,1072.799328,14834.7966,14281.49835,706.24992,2500.632725,980.3410181,14617.02784,14078.39122,654.5397454,2673.637608,924.2004084,14532.15503,14014.10123,629.7439962,2799.323487,869.0102065,14704.01463,14124.43724,682.9351585,3321.051393,946.6577809,14844.97334,14183.9967,678.5573967,3150.570846,946.9421232,15081.99827,14342.59069,856.2686518,3122.450368,1092.118956,15320.66647,14500.02785,1151.850625,2682.322887,1545.077089,2.736003003,6.51168714714
4,2005,0.0,1.3,2.5,3.4,2.3,8.6,1.1,0.0,-1.44,-1.52,-2.08,-2.4,-2.73,-0.86,-0.73,-1.05,0.0,1.3,2.6,3.6,2.5,9.1,1.1,0.0,30.78,26.08,21.64,21.16,21.38,24.84,28.61,31.92,17.42,14.22,8.93,8.24,7.8,10.82,13.04,15.95,0.1,0.1,0.1,0.1,0.1,0.1,0.1,0.1,15207.81822,14574.91741,863.6713736,2135.412776,1192.735735,14858.01426,14287.07897,630.3730387,2228.883125,918.5778098,14619.04764,14092.06029,618.0415466,2418.834894,870.7448367,14563.63709,14021.68157,545.0902978,2799.513689,796.7134967,14658.33943,14074.87364,580.8571086,3122.942363,868.0253362,14805.62789,14130.40231,853.2991113,3344.591019,965.2330691,15018.89099,14334.57276,865.1380083,3219.558437,1070.869036,15416.79849,14531.28551,1069.62512,2796.247599,1468.415826,2.689497352,6.40100369776
4,2006,0.3,0.4,1.4,1.0,4.7,7.2,4.2,0.0,-1.36,-1.66,-2.41,-3.11,-2.64,-1.26,2.51,1.86,0.3,0.4,1.5,1.1,4.9,7.6,4.4,0.0,29.65,24.58,22.62,20.18,22.08,25.66,29.07,32.05,16.37,12.12,9.63,7.66,8.44,10.81,13.18,15.78,0.1,0.1,0.1,0.1,0.1,0.1,0.1,0.1,15139.77612,14453.31137,867.867147,2098.058598,1185.308934,14849.06733,14248.85418,745.2556836,2442.856388,1045.788184,14636.03847,14100.35807,583.0967819,2658.919549,868.7898656,14561.64738,13996.24752,544.356268,2836.769453,822.7506004,14674.23679,14078.18724,677.0588377,3383.693324,949.2628483,14870.82268,14187.22192,651.0355428,3251.001321,900.557757,15043.70362,14341.21787,862.9103427,3120.685399,1060.764489,15414.31041,14535.68098,976.2139771,2602.782301,1338.675793,2.71385536,6.4589757568
4,2007,0.6,0.1,2.7,1.0,9.8,1.5,1.8,0.6,-0.6,-1.29,-1.81,-2.68,-0.76,-1.42,-0.9,-0.95,0.6,0.1,2.8,1.0,10.3,1.6,1.9,0.6,30.25,24.07,21.24,20.15,21.76,24.72,27.87,33.24,17.47,11.72,7.95,7.16,8.6,10.74,12.64,17.48,0.1,0.1,0.1,0.1,0.1,0.1,0.1,0.0,15144.56404,14507.7194,871.743804,2204.930836,1182.556196,14828.82979,14222.44172,709.2395133,2433.502882,1034.745437,14594.2702,14052.17473,626.0118876,2725.399736,924.0371037,14567.01243,14005.18287,614.0832133,2981.166187,840.1946446,14710.69714,14088.4986,536.9331172,3155.7494,814.9371998,14834.39429,14166.77773,838.6805956,3351.017171,1047.657421,15030.18515,14301.17492,851.6018253,3182.760487,1103.743356,15400.03787,14571.89488,1130.833694,2828.537704,1539.37428,2.756994888,6.5616478334399995
4,2008,5.9,0.6,1.1,5.3,5.4,0.2,0.2,0.0,1.57,0.98,-1.49,-1.18,-0.7,-1.89,-2.07,-2.27,6.3,0.6,1.1,5.6,5.7,0.2,0.2,0.0,31.18,26.26,21.94,18.65,21.04,27.88,30.19,32.73,17.8,13.79,9.23,6.59,6.6,12.56,13.58,16.68,0.0,0.0,0.0,0.0,0.0,0.0,0.0,0.0,15211.08768,14584.88938,861.656292,2194.758982,1148.395293,14836.44203,14260.01557,666.9654179,2245.840218,962.1445725,14674.95517,14092.11598,582.8103987,2358.051153,869.1313641,14504.20788,13959.69372,544.6559798,2747.685279,814.6970461,14643.01086,14039.30557,620.2273055,3228.642772,901.0618396,14978.11196,14270.84793,669.9183478,3169.633285,928.462656,15114.11342,14379.17241,1016.731829,2981.134166,1131.87512,15427.38131,14558.13155,1174.596062,2774.178554,1556.586455,2.716858583,6.4661234275399995
4,2009,10.0,0.0,0.8,0.2,7.5,0.0,0.0,0.0,2.45,1.54,-1.89,-3.11,-2.04,-3.03,-3.16,-3.25,10.5,0.1,0.8,0.2,7.9,0.0,0.0,0.0,29.68,26.86,23.51,22.26,23.25,24.34,29.76,32.56,16.92,14.24,10.55,8.82,9.26,10.5,13.57,17.31,0.0,0.0,0.0,0.0,0.0,0.0,0.0,0.0,15123.15083,14513.0488,1058.093276,2342.60048,1258.876177,14893.47522,14289.71968,743.6127121,2482.639289,1016.286904,14696.69266,14134.05097,612.5631605,2560.754203,884.1677474,14600.33447,14049.71791,625.142171,2796.209774,858.8920509,14707.98891,14089.16411,629.1871998,3057.37596,914.0882566,14882.93724,14181.24753,703.7263449,3105.214217,936.5880163,15093.93157,14352.44424,912.565642,3032.056036,1157.506565,15398.95128,14517.07846,1035.62524,2562.181436,1381.805115,2.638508008,6.27964905904
4,2010,0.0,0.0,6.3,1.1,6.8,0.1,0.0,0.0,-2.75,-3.14,-2.64,-3.55,-2.65,-3.71,-3.77,-3.79,0.0,0.0,6.7,1.1,7.1,0.1,0.0,0.0,32.31,26.1,23.41,22.57,24.46,27.07,30.05,33.16,18.82,13.67,10.98,9.96,10.92,13.23,14.08,17.51,0.0,0.0,0.0,0.0,0.0,0.0,0.0,0.0,15175.76347,14553.70184,882.5957733,2204.236599,1166.819885,14897.41372,14305.06764,692.2113352,2381.743676,949.4902337,14692.70033,14151.26793,618.6086696,2500.191042,900.0689241,14652.46602,14094.05309,677.9755044,2904.895053,970.5103264,14732.90774,14195.74009,703.506244,3089.299832,942.6153939,14922.98124,14276.57232,849.099904,3048.313401,1085.878602,15142.26852,14385.9978,975.7563241,2876.674352,1233.456612,15415.71248,14585.49812,1090.463617,2535.117916,1466.786984,2.501995683,5.95474972554
4,2011,0.3,0.0,1.4,0.3,0.8,3.3,0.5,0.3,-3.07,-3.44,-4.22,-5.04,-5.7,-5.26,-4.91,-4.69,0.3,0.0,1.5,0.4,0.8,3.4,0.5,0.3,32.61,28.3,23.41,21.94,22.94,24.43,28.86,32.68,19.39,15.18,10.38,9.4,9.96,10.47,13.91,17.86,0.0,0.0,0.0,0.0,0.0,0.0,0.0,0.0,15255.30552,14619.31892,880.648415,2159.037176,1141.699712,14953.81815,14406.93582,735.1722703,2424.801793,976.2848224,14710.45576,14183.80769,654.082853,2418.195245,940.3659943,14623.44512,14066.48549,658.7424352,2888.213977,938.493996,14701.44079,14130.77443,706.0990635,3108.405019,997.5196926,14841.76841,14176.64807,752.3849664,3020.864433,990.3503845,15124.21756,14326.55057,850.0441883,2829.42155,1086.987512,15380.31548,14551.29696,1113.540466,2660.138689,1461.289385,2.67749607,6.3724406466
4,2012,0.3,4.7,0.5,2.3,4.3,1.3,0.0,0.0,-3.47,-2.05,-3.14,-3.61,-3.28,-3.73,-3.81,-3.85,0.3,4.9,0.5,2.5,4.5,1.4,0.0,0.0,30.27,23.9,22.09,19.73,21.23,23.41,30.8,34.04,17.45,11.82,9.39,7.59,7.95,9.97,14.64,18.67,0.0,0.0,0.0,0.0,0.0,0.0,0.0,0.0,15167.02831,14486.10911,913.4700288,2209.195293,1221.487512,14807.46333,14222.7546,717.5003202,2412.26561,1007.243676,14650.83613,14101.47853,709.3819645,2713.216259,982.9226706,14539.22664,13989.98561,652.1982469,2904.752642,931.4165466,14550.24223,14011.49092,804.1768732,3368.810519,1034.261768,14848.24693,14174.70741,748.3021133,3375.940202,1045.335134,15137.98789,14366.01054,775.3896894,2923.012328,978.7877041,15436.29755,14606.0899,1161.209174,2782.376321,1532.371758,2.740782607,6.52306260466
4,2013,0.3,0.7,3.8,4.8,0.8,0.0,0.1,0.2,-3.02,-3.1,-3.15,-2.92,-3.71,-4.69,-4.64,-4.55,0.3,0.8,4.0,5.1,0.9,0.0,0.1,0.2,32.35,27.42,22.63,21.36,23.41,26.93,29.24,34.96,19.11,15.81,10.59,9.22,9.73,12.75,13.93,19.18,0.0,0.0,0.0,0.0,0.0,0.0,0.0,0.0,15240.61822,14642.35866,865.3685879,2187.833429,1170.077426,14909.3727,14348.52556,685.6520973,2324.909862,963.0835735,14661.35288,14147.85677,655.3826849,2539.905259,949.6180355,14578.15019,14067.3484,582.0578771,2865.266571,836.643732,14710.39252,14127.11126,683.1021854,3349.319765,956.9626561,14965.41411,14275.25212,724.2274256,3035.025937,978.6173151,15132.57275,14350.09612,906.7804995,2776.667147,1122.452289,15443.68087,14610.02785,1111.473583,2481.230307,1460.197286,2.865003012,6.81870716856
4,2014,0.0,0.2,14.9,4.5,14.3,1.7,0.0,0.3,-3.62,-3.82,-0.57,2.57,5.24,4.07,3.2,2.58,0.0,0.2,15.7,4.7,15.1,1.8,0.0,0.3,30.16,27.74,20.62,21.5,23.36,24.73,30.68,33.46,16.38,15.35,8.81,9.24,9.14,11.17,15.11,18.69,0.0,0.0,0.0,0.0,0.0,0.0,0.0,0.0,15165.52874,14515.27485,918.9379442,2279.564745,1213.47877,14967.6255,14365.84364,735.021774,2542.962536,1053.005924,14615.39889,14069.68157,613.0732469,2536.164385,878.2444765,14620.47404,14107.98231,593.2785783,2880.14001,840.7454371,14727.22204,14179.51015,653.6974064,3413.073367,988.5821326,14895.07784,14240.46638,737.7331892,3125.285663,984.8245677,15229.25515,14468.9591,905.7078131,2838.055556,1202.382805,15454.89417,14607.68936,1066.340898,2500.535783,1461.153819,2.743502501,6.52953595238
4,2015,0.9,5.0,0.3,4.5,2.1,0.9,0.5,0.0,0.93,1.96,-1.33,-1.41,-1.97,-2.71,-2.65,-2.8,0.9,5.3,0.3,4.7,2.3,1.0,0.5,0.0,30.55,25.69,23.45,20.08,21.86,26.37,28.57,33.82,17.61,14.1,11.29,8.06,8.96,12.49,13.02,18.79,0.0,0.0,0.0,0.0,0.0,0.0,0.0,0.0,15178.93746,14541.45823,904.5980788,2279.471566,1239.385495,14866.56776,14327.21048,787.6327249,2395.626001,1030.276337,14707.89748,14161.67768,630.0225745,2482.178795,897.3360951,14594.25248,14005.67214,596.9334774,2689.951729,883.910903,14692.15585,14092.99245,668.2086936,2991.574928,949.5145293,14938.06784,14261.11987,744.4692603,3014.912824,994.2629682,15171.47916,14320.5759,928.9053793,2779.289946,1220.189721,15435.83259,14615.29424,1036.095821,2433.318804,1382.594981,2.908494362,6.92221658156
4,2016,20.8,1.7,2.0,4.8,0.8,4.2,1.1,0.1,5.33,4.7,3.37,3.0,1.5,1.4,1.3,0.8,21.9,1.8,2.1,5.0,0.8,4.4,1.2,0.1,32.31,26.91,21.1,19.7,24.3,25.7,30.7,33.9,19.22,14.46,8.68,8.0,10.1,11.9,15.1,18.8,0.0,0.0,0.0,0.0,0.0,0.0,0.0,0.0,15220.08859,14620.15894,963.6583094,2315.519116,1269.887896,14921.13623,14347.37266,770.8667948,2428.846462,1125.228466,14685.16804,14152.10972,597.6750721,2502.131484,889.0678434,14582.04625,14048.4987,580.8536263,2895.411383,861.1122719,14788.2282,14158.58504,812.1593421,3359.149736,1038.808117,14911.50329,14248.03811,751.0403458,2932.800432,969.3132803,15265.37329,14477.19128,1051.504483,2796.170669,1372.176433,15407.54566,14597.23301,1212.68756,2503.426273,1579.603506,2.789997054,6.64019298852
4,2017,4.3,0.1,1.7,1.0,2.3,0.1,0.8,0.0,-0.6,-1.2,-1.9,-2.8,-3.0,-3.8,-3.5,-3.6,4.5,0.1,1.8,1.0,2.4,0.1,0.8,0.0,32.0,26.2,20.2,19.4,21.7,24.6,29.6,33.7,18.4,14.5,8.4,7.4,7.3,10.6,14.3,18.0,0.0,0.0,0.0,0.0,0.0,0.0,0.0,0.0,15178.11534,14542.89215,895.1448727,2218.202365,1209.3421,14872.51974,14292.11702,725.1367575,2410.662324,1002.981778,14653.44116,14110.4453,621.9489073,2560.358887,896.9588737,14582.31614,14033.08568,596.1982094,2850.979092,855.2268777,14689.83207,14098.41145,671.7177444,3224.465561,943.9077585,14894.26628,14214.04238,757.7792012,3142.084549,982.3867525,15116.82739,14356.43242,891.0781701,2920.929915,1122.888078,15412.47442,14565.26276,1099.288282,2615.434701,1467.692806,2.946,7.01148
4,2018,0.7,0.4,0.1,9.4,1.6,0.6,6.9,0.1,-2.8,-3.0,-4.1,-2.6,-3.2,-4.1,-1.2,-1.5,0.7,0.4,0.1,9.9,1.7,0.6,7.3,0.1,30.3,25.6,23.9,20.9,24.4,28.1,30.6,34.1,17.0,13.3,11.4,9.2,11.2,13.5,15.3,19.9,0.0,0.0,0.0,0.0,0.0,0.0,0.0,0.0,15189.39294,14559.36906,920.2794762,2243.962308,1210.117219,14898.82137,14322.83857,732.5340874,2422.717506,1013.764635,14674.88259,14134.70846,634.7487926,2534.788395,913.1945178,14596.96793,14051.42548,618.1533473,2852.868915,886.3280157,14700.04559,14120.41999,703.5394169,3217.941632,974.0289227,14900.02924,14227.56602,752.0847501,3088.937962,996.3952245,15157.10148,14378.25089,910.8591321,2863.586389,1166.314191,15420.63383,14583.94118,1102.969405,2563.751137,1465.94396,2.871,6.83298
4,2019,1.3,3.0,6.7,0.0,9.1,2.8,3.1,0.2,-1.3,-0.7,1.3,-1.8,1.4,1.0,1.9,1.2,1.4,3.2,7.0,0.0,9.6,2.9,3.3,0.2,31.1,25.6,21.9,19.9,21.6,23.9,28.7,35.3,18.6,14.4,10.1,7.5,8.1,10.1,13.0,19.4,0.0,0.0,0.0,0.0,0.0,0.0,0.0,0.0,15183.08636,14551.25533,898.4684827,2215.330903,1191.257142,14877.73346,14299.0999,723.4628472,2410.485815,1009.686791,14658.41035,14117.29696,626.4047899,2545.290748,904.4082196,14582.53356,14037.43827,603.8942481,2852.002546,865.0075285,14686.88452,14102.54399,673.4716442,3226.936495,946.6847134,14885.41465,14210.35656,745.5577794,3147.119165,981.3272792,15119.21271,14360.81882,898.6678914,2945.89353,1134.704114,15414.22362,14569.65865,1096.182645,2612.069717,1467.029006,2.856,6.79728
4,2020,1.3,3.0,6.7,0.0,9.1,2.8,3.1,0.2,5.9,4.6,4.1,2.83,4.44,9.32,8.06,7.0,21.6,0.1,5.8,2.7,11.5,41.0,0.3,0.6,32.4,28.0,22.6,20.4,22.0,25.1,29.3,34.0,18.9,15.9,10.4,8.0,8.5,11.4,13.6,18.2,0.0,0.0,0.0,0.0,0.0,0.0,0.0,0.0,15178.97053,14544.19952,896.6426734,2219.407022,1208.431056,14874.17844,14294.10146,725.4379901,2411.287517,1003.902192,14654.83119,14112.08292,622.8571056,2558.220012,898.2054521,14583.09873,14034.28001,597.7587976,2851.132422,857.3785508,14690.21449,14099.7873,673.4848798,3224.252245,945.6392385,14894.10372,14214.56016,756.8362605,3139.55234,983.0682788,15119.07262,14357.81162,892.5187324,2919.225709,1125.79556,15412.99593,14566.4772,1099.318571,2612.537409,1467.565825,2.637,6.276059999999999
